HSC_signature,Gnai3
HSC_signature,Klf6
HSC_signature,Scmh1
HSC_signature,Cox5a
HSC_signature,Xpo6
HSC_signature,Sdhd
HSC_signature,Ccnd2
HSC_signature,Tspan32
HSC_signature,Trim25
HSC_signature,Hddc2
HSC_signature,Comt
HSC_signature,Dazap2
HSC_signature,Mcts1
HSC_signature,Ccm2
HSC_signature,Ndufa9
HSC_signature,Galnt1
HSC_signature,Raf1
HSC_signature,1-Sep
HSC_signature,Wdr77
HSC_signature,Atp5f1
HSC_signature,Hnrnpd
HSC_signature,Dynlt1c
HSC_signature,C1d
HSC_signature,Gm2a
HSC_signature,Krit1
HSC_signature,Clcn4-2
HSC_signature,Hk2
HSC_signature,Myo18a
HSC_signature,Kat2b
HSC_signature,Rab5b
HSC_signature,Rpl13
HSC_signature,Chmp1a
HSC_signature,Rpa1
HSC_signature,Serpinf1
HSC_signature,Ddx3x
HSC_signature,Usp32
HSC_signature,Znf512b
HSC_signature,Dnajc5
HSC_signature,Tpd52l2
HSC_signature,Fmr1
HSC_signature,Bcl11a
HSC_signature,Pxmp4
HSC_signature,Smarcb1
HSC_signature,Oxa1l
HSC_signature,Heatr6
HSC_signature,Ilf2
HSC_signature,Chtop
HSC_signature,Snapin
HSC_signature,S100a6
HSC_signature,Icam2
HSC_signature,Sec24b
HSC_signature,Nhp2
HSC_signature,Mfsd10
HSC_signature,Ift20
HSC_signature,Lgals9
HSC_signature,Araf
HSC_signature,Pcnt
HSC_signature,Snrnp27
HSC_signature,Ocrl
HSC_signature,Calm1
HSC_signature,Uhrf1
HSC_signature,Gramd1a
HSC_signature,Sp1
HSC_signature,Pfdn5
HSC_signature,Rrp15
HSC_signature,Fbxo9
HSC_signature,Ccdc132
HSC_signature,Hars
HSC_signature,Zmat2
HSC_signature,Cct3
HSC_signature,Glmp
HSC_signature,Mef2d
HSC_signature,Snd1
HSC_signature,Kpnb1
HSC_signature,Npepps
HSC_signature,Mrpl10
HSC_signature,Tcf25
HSC_signature,Def8
HSC_signature,Tubb5
HSC_signature,Acap1
HSC_signature,Ifrd1
HSC_signature,Stk38l
HSC_signature,Akr1b3
HSC_signature,Gstt1
HSC_signature,Gstt3
HSC_signature,Ddt
HSC_signature,Ddx18
HSC_signature,Ubl3
HSC_signature,Eef1e1
HSC_signature,Akt1
HSC_signature,Il16
HSC_signature,Crnkl1
HSC_signature,Chordc1
HSC_signature,Rtcb
HSC_signature,Pwp1
HSC_signature,Capns1
HSC_signature,7-Sep
HSC_signature,Rac1
HSC_signature,Nup214
HSC_signature,Ugp2
HSC_signature,Trmt1
HSC_signature,Slc1a5
HSC_signature,Uba1
HSC_signature,Vwf
HSC_signature,Siae
HSC_signature,Esam
HSC_signature,Blvra
HSC_signature,Idh3g
HSC_signature,Ssr4
HSC_signature,Bcap31
HSC_signature,Kmt2a
HSC_signature,Supt6
HSC_signature,Sdf2
HSC_signature,Psmc3
HSC_signature,Acp2
HSC_signature,Celf2
HSC_signature,Sf3a1
HSC_signature,Stat6
HSC_signature,Napsa
HSC_signature,Vrk3
HSC_signature,Rmnd5a
HSC_signature,Def6
HSC_signature,Irf9
HSC_signature,Mdp1
HSC_signature,Dhrs1
HSC_signature,Mef2b
HSC_signature,Ndufa11
HSC_signature,Use1
HSC_signature,Braf
HSC_signature,Ndufb2
HSC_signature,Hltf
HSC_signature,Prpf6
HSC_signature,Rgs19
HSC_signature,Snrpd1
HSC_signature,Tsc2
HSC_signature,Puf60
HSC_signature,Mien1
HSC_signature,Ccdc97
HSC_signature,Akap8l
HSC_signature,Gtf2f1
HSC_signature,Clpp
HSC_signature,Dennd1c
HSC_signature,Med6
HSC_signature,Lcp2
HSC_signature,Cse1l
HSC_signature,Naa20
HSC_signature,Prkra
HSC_signature,Baz1b
HSC_signature,Mrpl2
HSC_signature,Mea1
HSC_signature,Flii
HSC_signature,Adprh
HSC_signature,Timmdc1
HSC_signature,Tpra1
HSC_signature,Nab1
HSC_signature,Timm44
HSC_signature,Ap2a2
HSC_signature,Apoe
HSC_signature,Hbp1
HSC_signature,Prkar2b
HSC_signature,Cdkn1b
HSC_signature,Ap1m1
HSC_signature,Rab8a
HSC_signature,Hmgn2
HSC_signature,Fam32a
HSC_signature,Atp5d
HSC_signature,Ppp5c
HSC_signature,Cdk12
HSC_signature,Pafah1b2
HSC_signature,Tbc1d8
HSC_signature,Slc2a3
HSC_signature,Sri
HSC_signature,Dgcr2
HSC_signature,Sh3gl1
HSC_signature,Ebi3
HSC_signature,Ranbp2
HSC_signature,Plag1
HSC_signature,Mrpl4
HSC_signature,Glg1
HSC_signature,Csnk1g2
HSC_signature,Mob3a
HSC_signature,Pld3
HSC_signature,Rabac1
HSC_signature,Etv3
HSC_signature,Prkcsh
HSC_signature,Nosip
HSC_signature,Rps11
HSC_signature,Supt5
HSC_signature,Paf1
HSC_signature,Med29
HSC_signature,Bicd1
HSC_signature,Ncstn
HSC_signature,Pex19
HSC_signature,Dusp3
HSC_signature,Ier3
HSC_signature,Fosb
HSC_signature,As3mt
HSC_signature,Crot
HSC_signature,Rps6ka1
HSC_signature,Snrnp200
HSC_signature,Tmem179b
HSC_signature,Insig2
HSC_signature,Man1a
HSC_signature,Brd8
HSC_signature,Farsa
HSC_signature,Dnase2a
HSC_signature,Rad23a
HSC_signature,Calr
HSC_signature,Syce2
HSC_signature,Nfat5
HSC_signature,Nob1
HSC_signature,Ruvbl2
HSC_signature,Tfam
HSC_signature,Hlf
HSC_signature,Fam162a
HSC_signature,Rpl8
HSC_signature,Ssbp2
HSC_signature,Fancl
HSC_signature,Gstm5
HSC_signature,Stat3
HSC_signature,Stat5a
HSC_signature,Ptrf
HSC_signature,Akt2
HSC_signature,Dnaja3
HSC_signature,Hmox2
HSC_signature,Cdip1
HSC_signature,Zak
HSC_signature,Cwc15
HSC_signature,Dnmt1
HSC_signature,Ppan
HSC_signature,Psap
HSC_signature,Phb2
HSC_signature,Ptpn6
HSC_signature,Emg1
HSC_signature,Lpcat3
HSC_signature,Atp6v1f
HSC_signature,Clcn3
HSC_signature,Cul3
HSC_signature,Ddx56
HSC_signature,Tmed4
HSC_signature,Bid
HSC_signature,Tax1bp1
HSC_signature,Arhgef18
HSC_signature,Pkn2
HSC_signature,Etfb
HSC_signature,Nkg7
HSC_signature,Stxbp2
HSC_signature,Slbp
HSC_signature,Cnn2
HSC_signature,Polr2e
HSC_signature,Rab11a
HSC_signature,Eif2b2
HSC_signature,Ulk2
HSC_signature,Chmp2b
HSC_signature,Ap1s1
HSC_signature,Srpk1
HSC_signature,Lbr
HSC_signature,Rrnad1
HSC_signature,Hdgf
HSC_signature,Matk
HSC_signature,Sgta
HSC_signature,Hnrnpa2b1
HSC_signature,Prkacb
HSC_signature,Cstb
HSC_signature,Jkamp
HSC_signature,Cd44
HSC_signature,Wdr1
HSC_signature,Ndrg1
HSC_signature,Prdx2
HSC_signature,Polr2a
HSC_signature,Senp3
HSC_signature,Ufd1l
HSC_signature,Ubqln1
HSC_signature,Txn2
HSC_signature,Crbn
HSC_signature,Fbxo11
HSC_signature,Wbscr22
HSC_signature,Mcm5
HSC_signature,Mprip
HSC_signature,Cic
HSC_signature,Pafah1b3
HSC_signature,Prkaca
HSC_signature,Ddx39
HSC_signature,Dnajb1
HSC_signature,Usp40
HSC_signature,Celf1
HSC_signature,Ndufs3
HSC_signature,Por
HSC_signature,Igf1r
HSC_signature,Trim28
HSC_signature,Mef2c
HSC_signature,Ctr9
HSC_signature,Eif4g2
HSC_signature,Pcyt1a
HSC_signature,Psmd4
HSC_signature,Snx6
HSC_signature,Kit
HSC_signature,Cs
HSC_signature,Bcas2
HSC_signature,Ctcf
HSC_signature,Ranbp1
HSC_signature,Psmb4
HSC_signature,Bloc1s6
HSC_signature,Gpr108
HSC_signature,Rsl1d1
HSC_signature,Apc
HSC_signature,Reep5
HSC_signature,Ergic3
HSC_signature,Ncoa2
HSC_signature,Nr2c2
HSC_signature,Trap1
HSC_signature,Naa60
HSC_signature,Tpr
HSC_signature,BC003331
HSC_signature,Napa
HSC_signature,Sra1
HSC_signature,Atp5g1
HSC_signature,Tbcb
HSC_signature,Inpp5k
HSC_signature,Clint1
HSC_signature,Cdkal1
HSC_signature,Mob1b
HSC_signature,Atp6v1b2
HSC_signature,Ttc5
HSC_signature,Osgep
HSC_signature,Aamp
HSC_signature,Tmbim1
HSC_signature,Arpc2
HSC_signature,Tmem147
HSC_signature,Rps9
HSC_signature,Crip1
HSC_signature,Cbfa2t3
HSC_signature,Pgrmc1
HSC_signature,Mpl
HSC_signature,Elovl1
HSC_signature,Pfdn2
HSC_signature,Rnf114
HSC_signature,C330007P06Rik
HSC_signature,Pdk1
HSC_signature,Ptbp1
HSC_signature,Cyba
HSC_signature,Runx1t1
HSC_signature,Aprt
HSC_signature,Qrich1
HSC_signature,Usp19
HSC_signature,Pola1
HSC_signature,Cdc42
HSC_signature,Acot13
HSC_signature,Cdk4
HSC_signature,Mettl1
HSC_signature,Tspan31
HSC_signature,Kif5b
HSC_signature,Cnp
HSC_signature,Sod2
HSC_signature,Ezh1
HSC_signature,Ctnnb1
HSC_signature,Eif1b
HSC_signature,Psmd2
HSC_signature,Vars
HSC_signature,Abhd16a
HSC_signature,Clic1
HSC_signature,Lsm2
HSC_signature,Gatad1
HSC_signature,M6pr
HSC_signature,Lrrc8a
HSC_signature,Ppp2r1a
HSC_signature,Arpp19
HSC_signature,Bcl2l1
HSC_signature,Khsrp
HSC_signature,Cct4
HSC_signature,0610009B22Rik
HSC_signature,Zfp655
HSC_signature,Rhoa
HSC_signature,Zmiz1
HSC_signature,Ankrd26
HSC_signature,Hnrnpa0
HSC_signature,Hnrnph1
HSC_signature,Arid1a
HSC_signature,Ctsd
HSC_signature,Rplp1
HSC_signature,Ap2s1
HSC_signature,Emc10
HSC_signature,Fnbp4
HSC_signature,Cers4
HSC_signature,Phax
HSC_signature,Snrpb2
HSC_signature,Ubc
HSC_signature,Prpf31
HSC_signature,Elk3
HSC_signature,Herpud2
HSC_signature,Rdh13
HSC_signature,Nutf2
HSC_signature,Arpc5
HSC_signature,Rps18
HSC_signature,Rpl10
HSC_signature,Rps15a
HSC_signature,Ncaph2
HSC_signature,Hipk1
HSC_signature,Man1a2
HSC_signature,Acyp1
HSC_signature,Vdac3
HSC_signature,Vps72
HSC_signature,Gabpa
HSC_signature,Dynll1
HSC_signature,Pdcl
HSC_signature,Ewsr1
HSC_signature,Ap1b1
HSC_signature,Lnp
HSC_signature,Pttg1ip
HSC_signature,Nav1
HSC_signature,Tnpo1
HSC_signature,Rnmt
HSC_signature,Srp14
HSC_signature,Mkl2
HSC_signature,Cbx5
HSC_signature,Apobec3
HSC_signature,Mcu
HSC_signature,Fxyd5
HSC_signature,Tfcp2
HSC_signature,Ubp1
HSC_signature,Ick
HSC_signature,Sdhb
HSC_signature,Snap47
HSC_signature,Kdsr
HSC_signature,Vps4b
HSC_signature,Rps25
HSC_signature,Taz
HSC_signature,Slc3a2
HSC_signature,Nxf1
HSC_signature,Stx5a
HSC_signature,Tnfrsf13b
HSC_signature,Raver1
HSC_signature,2610507B11Rik
HSC_signature,Ifi35
HSC_signature,Nedd8
HSC_signature,Gosr1
HSC_signature,Mrpl52
HSC_signature,Kansl3
HSC_signature,Mettl16
HSC_signature,Rbm25
HSC_signature,Psen2
HSC_signature,Fads1
HSC_signature,Apip
HSC_signature,Tbrg1
HSC_signature,Odc1
HSC_signature,Pabpc4
HSC_signature,Dhdh
HSC_signature,Pgam1
HSC_signature,Gltp
HSC_signature,Bnip2
HSC_signature,Ccnt1
HSC_signature,Med15
HSC_signature,Rpl15
HSC_signature,Tmem167
HSC_signature,Rpa3
HSC_signature,Tnpo3
HSC_signature,Rps5
HSC_signature,Ptprs
HSC_signature,Nelfb
HSC_signature,Tmem175
HSC_signature,Ndufs2
HSC_signature,Atraid
HSC_signature,Atad1
HSC_signature,Pten
HSC_signature,Timm23
HSC_signature,Trnt1
HSC_signature,Ehmt2
HSC_signature,Elof1
HSC_signature,St3gal1
HSC_signature,Rnf170
HSC_signature,Dedd
HSC_signature,Nit1
HSC_signature,Tctex1d2
HSC_signature,Chp1
HSC_signature,Tvp23b
HSC_signature,Dnajc7
HSC_signature,Cacybp
HSC_signature,Ndufa2
HSC_signature,Pam16
HSC_signature,Cox6c
HSC_signature,Anapc1
HSC_signature,Tsg101
HSC_signature,Rnf166
HSC_signature,Ankrd28
HSC_signature,Srp19
HSC_signature,Mrps25
HSC_signature,Dguok
HSC_signature,Slc25a11
HSC_signature,Tex261
HSC_signature,Tbp
HSC_signature,Psmb1
HSC_signature,Tmem208
HSC_signature,Surf4
HSC_signature,Dnajb9
HSC_signature,Ppp1cb
HSC_signature,Gorasp2
HSC_signature,Tsen15
HSC_signature,Efr3a
HSC_signature,Trappc2l
HSC_signature,Gata2
HSC_signature,Edf1
HSC_signature,Npdc1
HSC_signature,Fbxw5
HSC_signature,Ube2i
HSC_signature,Lrrk1
HSC_signature,Actn1
HSC_signature,Hnrnpl
HSC_signature,Nolc1
HSC_signature,Casd1
HSC_signature,Hmgb3
HSC_signature,Cyp2j9
HSC_signature,Nipsnap3b
HSC_signature,Lage3
HSC_signature,Ubl4a
HSC_signature,Gdi1
HSC_signature,Slamf1
HSC_signature,Golga7
HSC_signature,Mocs2
HSC_signature,Atp6v0e
HSC_signature,Zfp318
HSC_signature,Gata3
HSC_signature,Hspa8
HSC_signature,Pdzd11
HSC_signature,Psma2
HSC_signature,Mrpl32
HSC_signature,Cers2
HSC_signature,Capza2
HSC_signature,Prpf3
HSC_signature,Anp32e
HSC_signature,Tab2
HSC_signature,Ppil4
HSC_signature,Cnih1
HSC_signature,Surf1
HSC_signature,Med28
HSC_signature,Qdpr
HSC_signature,Sqstm1
HSC_signature,Nfe2l2
HSC_signature,Lta4h
HSC_signature,Dstn
HSC_signature,H2afy
HSC_signature,Bola1
HSC_signature,Adss
HSC_signature,Fnta
HSC_signature,Skiv2l2
HSC_signature,Fli1
HSC_signature,Atp5e
HSC_signature,Ctsz
HSC_signature,Ube2a
HSC_signature,Slc25a5
HSC_signature,Ppdpf
HSC_signature,Nkap
HSC_signature,Ndufa1
HSC_signature,Cr1l
HSC_signature,Cd34
HSC_signature,Plgrkt
HSC_signature,Cd274
HSC_signature,Gtf3a
HSC_signature,Mtif3
HSC_signature,Lamp2
HSC_signature,Atxn10
HSC_signature,Eif3d
HSC_signature,H3f3b
HSC_signature,Nup50
HSC_signature,Tox4
HSC_signature,Mrps18c
HSC_signature,Srsf6
HSC_signature,Sdc4
HSC_signature,Nbr1
HSC_signature,Nt5c3b
HSC_signature,Coa3
HSC_signature,Exosc10
HSC_signature,Glod4
HSC_signature,Taok1
HSC_signature,Rpl19
HSC_signature,Zfp207
HSC_signature,Psmd11
HSC_signature,Top2b
HSC_signature,Suz12
HSC_signature,Crlf3
HSC_signature,Slc35c2
HSC_signature,Elmo2
HSC_signature,Wsb1
HSC_signature,Ttpal
HSC_signature,Rhot1
HSC_signature,Serinc3
HSC_signature,Ctsa
HSC_signature,Crk
HSC_signature,Cox7c
HSC_signature,Pitpna
HSC_signature,Dhx58
HSC_signature,Ppp2r5c
HSC_signature,Ift52
HSC_signature,Eya2
HSC_signature,Ddx27
HSC_signature,Rrp7a
HSC_signature,Cyb5r3
HSC_signature,Ints2
HSC_signature,Med13l
HSC_signature,Hist1h2bc
HSC_signature,Med1
HSC_signature,Mfng
HSC_signature,Vmp1
HSC_signature,Uchl5
HSC_signature,Glrx2
HSC_signature,Trove2
HSC_signature,Stk4
HSC_signature,Zcchc10
HSC_signature,Psmb6
HSC_signature,Spag7
HSC_signature,Pfn1
HSC_signature,Tomm34
HSC_signature,Ywhab
HSC_signature,Vezf1
HSC_signature,Srsf1
HSC_signature,Kansl1
HSC_signature,Gid4
HSC_signature,Nol11
HSC_signature,Derl2
HSC_signature,C1qbp
HSC_signature,Rpain
HSC_signature,Kdm6b
HSC_signature,Appbp2
HSC_signature,Ncor1
HSC_signature,Trim37
HSC_signature,Elp5
HSC_signature,Gabarap
HSC_signature,Acadvl
HSC_signature,G3bp1
HSC_signature,Atox1
HSC_signature,Ikzf1
HSC_signature,Pnpo
HSC_signature,Cbx1
HSC_signature,Cdk5rap3
HSC_signature,Slc25a39
HSC_signature,Dync1h1
HSC_signature,Ndel1
HSC_signature,Atp5g3
HSC_signature,Lsp1
HSC_signature,Zfyve27
HSC_signature,Rars
HSC_signature,Mrpl45
HSC_signature,Irf1
HSC_signature,Arrb1
HSC_signature,Map2k3
HSC_signature,Ywhah
HSC_signature,Dalrd3
HSC_signature,Fis1
HSC_signature,Atp6ap1
HSC_signature,BC005537
HSC_signature,Mdh2
HSC_signature,H13
HSC_signature,Atp6v1e1
HSC_signature,D8Ertd738e
HSC_signature,Calm3
HSC_signature,Cops3
HSC_signature,Fkbp8
HSC_signature,Ddx39b
HSC_signature,Tlcd1
HSC_signature,Plscr3
HSC_signature,Xab2
HSC_signature,Cdc37
HSC_signature,Cops6
HSC_signature,Ubb
HSC_signature,Gyg
HSC_signature,Rcn3
HSC_signature,Ubxn6
HSC_signature,Mydgf
HSC_signature,Ccdc12
HSC_signature,1110001J03Rik
HSC_signature,Mrpl24
HSC_signature,Gle1
HSC_signature,Lyst
HSC_signature,Polr2i
HSC_signature,Rmnd1
HSC_signature,Hdac2
HSC_signature,Rwdd1
HSC_signature,Stxbp5
HSC_signature,Trmt11
HSC_signature,Katna1
HSC_signature,Pcmt1
HSC_signature,Sec63
HSC_signature,Snx3
HSC_signature,Aig1
HSC_signature,Pex3
HSC_signature,Fuca2
HSC_signature,Cep57l1
HSC_signature,Cd164
HSC_signature,Utrn
HSC_signature,Rab32
HSC_signature,Gtf3c6
HSC_signature,Fyn
HSC_signature,Reps1
HSC_signature,Vta1
HSC_signature,Smpdl3a
HSC_signature,Reep3
HSC_signature,Serinc1
HSC_signature,Hsf2
HSC_signature,Echdc1
HSC_signature,Ccdc59
HSC_signature,Ppp1r12a
HSC_signature,Lims1
HSC_signature,Zwint
HSC_signature,Atp2b1
HSC_signature,Actr6
HSC_signature,Uhrf1bp1l
HSC_signature,Dusp6
HSC_signature,Tmpo
HSC_signature,Psen1
HSC_signature,Cep290
HSC_signature,Hbs1l
HSC_signature,Myb
HSC_signature,Med23
HSC_signature,Nedd1
HSC_signature,Mtfr2
HSC_signature,Map7
HSC_signature,Stx7
HSC_signature,Ifngr1
HSC_signature,Cdk17
HSC_signature,Snrpf
HSC_signature,Ndufa12
HSC_signature,Cep83
HSC_signature,Socs2
HSC_signature,Tcp11l2
HSC_signature,Hsp90b1
HSC_signature,Ccdc53
HSC_signature,Hnrnph3
HSC_signature,Rufy2
HSC_signature,Ccar1
HSC_signature,Ddx21
HSC_signature,Ddx50
HSC_signature,Srgn
HSC_signature,Vps26a
HSC_signature,Sar1a
HSC_signature,Ppa1
HSC_signature,Pcbd1
HSC_signature,Anapc16
HSC_signature,Dnajb12
HSC_signature,Micu1
HSC_signature,Cand1
HSC_signature,Tbk1
HSC_signature,Plek
HSC_signature,Usp15
HSC_signature,Vps54
HSC_signature,Tbc1d15
HSC_signature,Peli1
HSC_signature,Dock2
HSC_signature,Rab1
HSC_signature,Actr2
HSC_signature,Ndufs7
HSC_signature,Mum1
HSC_signature,Meis1
HSC_signature,Uqcr11
HSC_signature,Cnot2
HSC_signature,Grb10
HSC_signature,Snrpd3
HSC_signature,Mdm2
HSC_signature,Osbpl8
HSC_signature,Mknk2
HSC_signature,Cabin1
HSC_signature,Ap3d1
HSC_signature,Timm13
HSC_signature,Vps13d
HSC_signature,Llph
HSC_signature,Tmbim4
HSC_signature,Hcfc2
HSC_signature,Nfyb
HSC_signature,Txnrd1
HSC_signature,D10Wsu102e
HSC_signature,Wdr82
HSC_signature,Sumo3
HSC_signature,Hint1
HSC_signature,Fbxw11
HSC_signature,Papolg
HSC_signature,Pfkl
HSC_signature,Pus10
HSC_signature,Ahsa2
HSC_signature,Xpo1
HSC_signature,Asb3
HSC_signature,Erlec1
HSC_signature,Sptbn1
HSC_signature,Mdh1
HSC_signature,Ccng1
HSC_signature,Cyfip2
HSC_signature,Ppp2ca
HSC_signature,Hnrnpab
HSC_signature,Phykpl
HSC_signature,Hspa4
HSC_signature,Cnot6
HSC_signature,Mapk9
HSC_signature,Canx
HSC_signature,Gnb2l1
HSC_signature,Rnf130
HSC_signature,Rad50
HSC_signature,Clk4
HSC_signature,Sar1b
HSC_signature,Ube2b
HSC_signature,Cdkn2aipnl
HSC_signature,Vdac1
HSC_signature,Slu7
HSC_signature,Ascc2
HSC_signature,Pttg1
HSC_signature,Btg2
HSC_signature,Pes1
HSC_signature,Guk1
HSC_signature,Patz1
HSC_signature,Eif4enif1
HSC_signature,Ogdh
HSC_signature,Drg1
HSC_signature,Rtn4
HSC_signature,Mtif2
HSC_signature,Rps27a
HSC_signature,Smek2
HSC_signature,Pnpt1
HSC_signature,Dbnl
HSC_signature,Xbp1
HSC_signature,Supt4a
HSC_signature,Rnf187
HSC_signature,Mrpl22
HSC_signature,Cnot8
HSC_signature,Rps6kb1
HSC_signature,Rnft1
HSC_signature,Mfap3
HSC_signature,Fam114a2
HSC_signature,Prpsap2
HSC_signature,Ggnbp2
HSC_signature,Drg2
HSC_signature,Tom1l1
HSC_signature,Stxbp4
HSC_signature,Bzw2
HSC_signature,Twistnb
HSC_signature,Atxn7l1
HSC_signature,Sypl
HSC_signature,Pdia6
HSC_signature,Nampt
HSC_signature,Pik3cg
HSC_signature,Tspan13
HSC_signature,Rock2
HSC_signature,Laptm4a
HSC_signature,Fam49a
HSC_signature,Pum2
HSC_signature,Smc6
HSC_signature,Amz2
HSC_signature,Gna13
HSC_signature,Prkar1a
HSC_signature,Trappc12
HSC_signature,Adi1
HSC_signature,Itsn2
HSC_signature,Rnf144a
HSC_signature,Id2
HSC_signature,Ncoa1
HSC_signature,Bcap29
HSC_signature,Cbll1
HSC_signature,Dnmt3a
HSC_signature,Dld
HSC_signature,Rab10
HSC_signature,Ddx52
HSC_signature,Cdc27
HSC_signature,Itgb3
HSC_signature,Tlk2
HSC_signature,Rffl
HSC_signature,Lig3
HSC_signature,Ddx42
HSC_signature,Ftsj3
HSC_signature,Psmc5
HSC_signature,Nf1
HSC_signature,Ddx5
HSC_signature,Psmd12
HSC_signature,Helz
HSC_signature,Rab37
HSC_signature,Slc9a3r1
HSC_signature,Nt5c
HSC_signature,Hn1
HSC_signature,Sumo2
HSC_signature,Nup85
HSC_signature,Pafah1b1
HSC_signature,Trim47
HSC_signature,Acox1
HSC_signature,Ten1
HSC_signature,Srp68
HSC_signature,Atp2a3
HSC_signature,Ankfy1
HSC_signature,Exoc7
HSC_signature,Ube2g1
HSC_signature,Txndc17
HSC_signature,Rabep1
HSC_signature,Blmh
HSC_signature,Ywhae
HSC_signature,Prpf8
HSC_signature,Nme2
HSC_signature,Spag9
HSC_signature,Luc7l3
HSC_signature,Pfas
HSC_signature,Adprm
HSC_signature,Top2a
HSC_signature,Acly
HSC_signature,Stat5b
HSC_signature,Lsm12
HSC_signature,Ubtf
HSC_signature,Eftud2
HSC_signature,Nmt1
HSC_signature,Gosr2
HSC_signature,Fkbp3
HSC_signature,Scfd1
HSC_signature,Strn3
HSC_signature,Dtd2
HSC_signature,Gtf2a1
HSC_signature,Sel1l
HSC_signature,Klhdc2
HSC_signature,Nemf
HSC_signature,Trappc6b
HSC_signature,Pnn
HSC_signature,Ctage5
HSC_signature,Galc
HSC_signature,Zc3h14
HSC_signature,Polr2h
HSC_signature,Psma6
HSC_signature,Nfkbia
HSC_signature,Ralgapa1
HSC_signature,Mbip
HSC_signature,Gstz1
HSC_signature,Sptlc2
HSC_signature,Ahsa1
HSC_signature,Vipas39
HSC_signature,Snw1
HSC_signature,Slirp
HSC_signature,Fut8
HSC_signature,Pygl
HSC_signature,Tmx1
HSC_signature,Actr10
HSC_signature,Timm9
HSC_signature,Ppm1a
HSC_signature,Mnat1
HSC_signature,Papola
HSC_signature,Atp6v1d
HSC_signature,Vrk1
HSC_signature,Eif2s1
HSC_signature,Vti1b
HSC_signature,Zfp36l1
HSC_signature,Erh
HSC_signature,Srsf5
HSC_signature,Pacs2
HSC_signature,Mta1
HSC_signature,Wdr37
HSC_signature,Gtpbp4
HSC_signature,Zmynd11
HSC_signature,Esyt2
HSC_signature,Cdca7l
HSC_signature,Psmc1
HSC_signature,Trip11
HSC_signature,Atxn3
HSC_signature,Pitrm1
HSC_signature,Pfkp
HSC_signature,Akr1c13
HSC_signature,Gdi2
HSC_signature,Acot2
HSC_signature,Entpd5
HSC_signature,Aldh6a1
HSC_signature,Isca2
HSC_signature,Npc2
HSC_signature,Fcf1
HSC_signature,Ylpm1
HSC_signature,Tmed10
HSC_signature,Fos
HSC_signature,0610007P14Rik
HSC_signature,Yy1
HSC_signature,Hsp90aa1
HSC_signature,Fdft1
HSC_signature,Tnfaip2
HSC_signature,Eif5
HSC_signature,Ppp1r13b
HSC_signature,2010107E04Rik
HSC_signature,Ggps1
HSC_signature,Trim27
HSC_signature,Zkscan3
HSC_signature,Exoc2
HSC_signature,Gcnt2
HSC_signature,Tmem14c
HSC_signature,Hivep1
HSC_signature,Mcur1
HSC_signature,Nup153
HSC_signature,Dek
HSC_signature,Susd3
HSC_signature,Nol8
HSC_signature,Spin1
HSC_signature,Prpf4b
HSC_signature,Eci2
HSC_signature,Ssr1
HSC_signature,Riok1
HSC_signature,Snrnp48
HSC_signature,Syk
HSC_signature,Sfxn1
HSC_signature,Ctsl
HSC_signature,Lman2
HSC_signature,Prelid1
HSC_signature,Nsd1
HSC_signature,Ddx46
HSC_signature,Caml
HSC_signature,Mterf3
HSC_signature,Uqcrb
HSC_signature,Cetn3
HSC_signature,Smad5
HSC_signature,Hnrnpk
HSC_signature,Ccnh
HSC_signature,Rasa1
HSC_signature,Gkap1
HSC_signature,Naa35
HSC_signature,Agtpbp1
HSC_signature,Pdcd6
HSC_signature,Sdha
HSC_signature,Ccdc127
HSC_signature,Erap1
HSC_signature,Cast
HSC_signature,Glrx
HSC_signature,Arsk
HSC_signature,Nsun2
HSC_signature,Mctp1
HSC_signature,Slf1
HSC_signature,Ndufs6
HSC_signature,Mrpl36
HSC_signature,Clptm1l
HSC_signature,Zcchc9
HSC_signature,Slc30a5
HSC_signature,Gtf2h2
HSC_signature,Serf1
HSC_signature,Ptcd2
HSC_signature,Btf3
HSC_signature,Gfm2
HSC_signature,Hmgcr
HSC_signature,Iqgap2
HSC_signature,Aggf1
HSC_signature,Ap3b1
HSC_signature,Scamp1
HSC_signature,Jmy
HSC_signature,Dimt1
HSC_signature,Kif2a
HSC_signature,Pde4d
HSC_signature,Plk2
HSC_signature,Erbb2ip
HSC_signature,Trappc13
HSC_signature,Trim23
HSC_signature,Cwc27
HSC_signature,Srek1ip1
HSC_signature,Parp8
HSC_signature,Emb
HSC_signature,Psmd6
HSC_signature,Atxn7
HSC_signature,Pdhb
HSC_signature,Map3k1
HSC_signature,Ndufs4
HSC_signature,Kat6b
HSC_signature,Vdac2
HSC_signature,Nkiras1
HSC_signature,Ube2e1
HSC_signature,Ngly1
HSC_signature,Fam213a
HSC_signature,Glud1
HSC_signature,2700060E02Rik
HSC_signature,Ecd
HSC_signature,Dnajc9
HSC_signature,Anxa7
HSC_signature,Ppp3cb
HSC_signature,Camk2g
HSC_signature,Ap3m1
HSC_signature,Psmc6
HSC_signature,Mapk1ip1l
HSC_signature,Ktn1
HSC_signature,Ppif
HSC_signature,Slmap
HSC_signature,Pnp
HSC_signature,Arf4
HSC_signature,Capn7
HSC_signature,Dph3
HSC_signature,Nisch
HSC_signature,Spcs1
HSC_signature,Kpna3
HSC_signature,Ctsb
HSC_signature,Zmym2
HSC_signature,Prkcd
HSC_signature,N6amt2
HSC_signature,Xpo4
HSC_signature,Tkt
HSC_signature,Sap18
HSC_signature,Mrpl57
HSC_signature,Zdhhc20
HSC_signature,Ints9
HSC_signature,Cab39l
HSC_signature,Mtmr6
HSC_signature,Spata13
HSC_signature,Esd
HSC_signature,Lcp1
HSC_signature,Zc3h13
HSC_signature,Tsc22d1
HSC_signature,Dnajc15
HSC_signature,Akap11
HSC_signature,Naa16
HSC_signature,Diap3
HSC_signature,Wbp4
HSC_signature,Sugt1
HSC_signature,Clu
HSC_signature,Dpysl2
HSC_signature,Bnip3l
HSC_signature,Ppp2r2a
HSC_signature,Bora
HSC_signature,Bin3
HSC_signature,Sorbs3
HSC_signature,Xpo7
HSC_signature,Rb1
HSC_signature,Rcbtb2
HSC_signature,Itm2b
HSC_signature,Med4
HSC_signature,Sucla2
HSC_signature,Uchl3
HSC_signature,Spry2
HSC_signature,Rbm26
HSC_signature,Fbxl3
HSC_signature,Dnajc3
HSC_signature,Mbnl2
HSC_signature,Nipbl
HSC_signature,Nup155
HSC_signature,Fyb
HSC_signature,Ttc33
HSC_signature,Mettl3
HSC_signature,Dad1
HSC_signature,Haus4
HSC_signature,Acin1
HSC_signature,Oxct1
HSC_signature,Psmb5
HSC_signature,Zfr
HSC_signature,Ngdn
HSC_signature,Sub1
HSC_signature,Dcaf11
HSC_signature,Psme1
HSC_signature,Ripk3
HSC_signature,Sdr39u1
HSC_signature,Zscan26
HSC_signature,Cct5
HSC_signature,Tars
HSC_signature,Brix1
HSC_signature,Nadk2
HSC_signature,Mtdh
HSC_signature,Fam134b
HSC_signature,Pabpc1
HSC_signature,Ywhaz
HSC_signature,Atp6v1c1
HSC_signature,Dcaf13
HSC_signature,Oxr1
HSC_signature,Angpt1
HSC_signature,Eif3h
HSC_signature,Rad21
HSC_signature,Hrsp12
HSC_signature,Stk3
HSC_signature,Eif3e
HSC_signature,Emc2
HSC_signature,Eny2
HSC_signature,Myc
HSC_signature,Ndufb9
HSC_signature,Wdyhv1
HSC_signature,Atad2
HSC_signature,Zhx1
HSC_signature,Derl1
HSC_signature,Mrpl13
HSC_signature,Sla
HSC_signature,Asap1
HSC_signature,Brd1
HSC_signature,Rangap1
HSC_signature,Rbx1
HSC_signature,St13
HSC_signature,Slc25a17
HSC_signature,Adsl
HSC_signature,Mief1
HSC_signature,Deptor
HSC_signature,Tomm22
HSC_signature,Csnk1e
HSC_signature,Parvg
HSC_signature,Myh9
HSC_signature,Ndufa6
HSC_signature,Twf1
HSC_signature,Smdt1
HSC_signature,Naga
HSC_signature,Slc38a2
HSC_signature,Srebf2
HSC_signature,Xrcc6
HSC_signature,Hdac7
HSC_signature,Aco2
HSC_signature,Vdr
HSC_signature,Nckap1l
HSC_signature,Litaf
HSC_signature,Nudt16l1
HSC_signature,Mgrn1
HSC_signature,Crebbp
HSC_signature,Hes1
HSC_signature,Zfp263
HSC_signature,Glyr1
HSC_signature,Eef2kmt
HSC_signature,Cyc1
HSC_signature,Maf1
HSC_signature,Hsf1
HSC_signature,Grina
HSC_signature,Plec
HSC_signature,Tsta3
HSC_signature,Pycrl
HSC_signature,Ly6e
HSC_signature,Zbtb11
HSC_signature,Cep97
HSC_signature,Chkb
HSC_signature,Zcrb1
HSC_signature,Alcam
HSC_signature,Bbx
HSC_signature,Mcm4
HSC_signature,Ube2v2
HSC_signature,Fopnl
HSC_signature,Nde1
HSC_signature,Pdxdc1
HSC_signature,Ntan1
HSC_signature,Rrn3
HSC_signature,Bfar
HSC_signature,Parn
HSC_signature,Naa50
HSC_signature,Qtrtd1
HSC_signature,Mrpl40
HSC_signature,Gbe1
HSC_signature,Zbtb20
HSC_signature,Usp7
HSC_signature,Pmm2
HSC_signature,Dgcr8
HSC_signature,Trmt2a
HSC_signature,Mina
HSC_signature,Cldnd1
HSC_signature,Tbc1d23
HSC_signature,Nit2
HSC_signature,Tomm70a
HSC_signature,Tfg
HSC_signature,Dlg1
HSC_signature,Ppil2
HSC_signature,Ncbp2
HSC_signature,Pak2
HSC_signature,Dnm1l
HSC_signature,Fyttd1
HSC_signature,Snx4
HSC_signature,Zfp148
HSC_signature,Gsk3b
HSC_signature,Umps
HSC_signature,Fstl1
HSC_signature,Ndufb4
HSC_signature,Abcc5
HSC_signature,Muc13
HSC_signature,Hcls1
HSC_signature,Mylk
HSC_signature,Iqcb1
HSC_signature,Ap2m1
HSC_signature,Senp2
HSC_signature,Tra2b
HSC_signature,Dgkg
HSC_signature,D16Ertd472e
HSC_signature,Usp25
HSC_signature,Samsn1
HSC_signature,Rfc4
HSC_signature,Eif4a2
HSC_signature,Atp5j
HSC_signature,Dyrk1a
HSC_signature,Kpna1
HSC_signature,Parp9
HSC_signature,Brwd1
HSC_signature,Pigp
HSC_signature,Chaf1b
HSC_signature,Runx1
HSC_signature,Atp5o
HSC_signature,Itsn1
HSC_signature,Son
HSC_signature,Ifnar1
HSC_signature,Ifnar2
HSC_signature,Paxbp1
HSC_signature,Sod1
HSC_signature,Kansl2
HSC_signature,Tuba1b
HSC_signature,Prpf40b
HSC_signature,Tmbim6
HSC_signature,Cox14
HSC_signature,Cers5
HSC_signature,Larp4
HSC_signature,Dip2b
HSC_signature,Atf1
HSC_signature,Krt18
HSC_signature,Csad
HSC_signature,Prr13
HSC_signature,Map3k12
HSC_signature,Abcc1
HSC_signature,Ndufa5
HSC_signature,Fhl1
HSC_signature,Msrb2
HSC_signature,Rfc2
HSC_signature,Denr
HSC_signature,Prmt5
HSC_signature,Wrb
HSC_signature,Ivns1abp
HSC_signature,Rpp14
HSC_signature,Slc38a1
HSC_signature,Gps2
HSC_signature,Bsg
HSC_signature,Vwa5a
HSC_signature,Il15ra
HSC_signature,Tmem176a
HSC_signature,Pisd
HSC_signature,Tpi1
HSC_signature,Rab12
HSC_signature,Ccndbp1
HSC_signature,Mrps23
HSC_signature,Sfi1
HSC_signature,Pigx
HSC_signature,Slc22a3
HSC_signature,Igf2r
HSC_signature,Acat2
HSC_signature,Lnpep
HSC_signature,Chd1
HSC_signature,Mpc1
HSC_signature,Hcfc1r1
HSC_signature,Tnfrsf21
HSC_signature,Cenpq
HSC_signature,Tbc1d5
HSC_signature,Cdc5l
HSC_signature,Mrpl14
HSC_signature,Slc29a1
HSC_signature,Hsp90ab1
HSC_signature,Enpp5
HSC_signature,Enpp4
HSC_signature,Mrps18a
HSC_signature,Ubr2
HSC_signature,Guca1a
HSC_signature,Nfya
HSC_signature,Brd4
HSC_signature,Stk38
HSC_signature,Ppil1
HSC_signature,Mtch1
HSC_signature,Pim1
HSC_signature,Glo1
HSC_signature,Abcg1
HSC_signature,Ndufv3
HSC_signature,Akap8
HSC_signature,Myl12a
HSC_signature,Lpin2
HSC_signature,Smchd1
HSC_signature,Ehd3
HSC_signature,Dpy30
HSC_signature,Prkd3
HSC_signature,Yipf4
HSC_signature,Birc6
HSC_signature,Strn
HSC_signature,Eif2ak2
HSC_signature,Cebpz
HSC_signature,Pja2
HSC_signature,Vapa
HSC_signature,Hnrnpll
HSC_signature,Ralbp1
HSC_signature,Srsf7
HSC_signature,Twsg1
HSC_signature,Ndufv2
HSC_signature,Nrxn1
HSC_signature,Atp6v0c
HSC_signature,Pdpk1
HSC_signature,Eci1
HSC_signature,Cript
HSC_signature,Mcfd2
HSC_signature,Msh2
HSC_signature,Mapk8ip3
HSC_signature,Hn1l
HSC_signature,Nme4
HSC_signature,Mrpl28
HSC_signature,Luc7l
HSC_signature,Dusp1
HSC_signature,Cuta
HSC_signature,Plin3
HSC_signature,Uqcc2
HSC_signature,Nudt3
HSC_signature,Snrpc
HSC_signature,Anks1
HSC_signature,Fkbp5
HSC_signature,Mtpap
HSC_signature,Svil
HSC_signature,Zeb1
HSC_signature,Epc1
HSC_signature,Sos1
HSC_signature,Cox7a2l
HSC_signature,Polr2d
HSC_signature,Slc25a46
HSC_signature,Elp2
HSC_signature,Zfp397
HSC_signature,Mapre2
HSC_signature,Wac
HSC_signature,Thoc1
HSC_signature,Rock1
HSC_signature,Esco1
HSC_signature,Mib1
HSC_signature,Zfp871
HSC_signature,Tapbp
HSC_signature,Pfdn6
HSC_signature,Rnf138
HSC_signature,Brd2
HSC_signature,Psmb8
HSC_signature,Pfdn1
HSC_signature,Tmem173
HSC_signature,Dnajc18
HSC_signature,Hspa9
HSC_signature,Etf1
HSC_signature,Cdc23
HSC_signature,Stard4
HSC_signature,Map3k2
HSC_signature,Iws1
HSC_signature,Csnk2b
HSC_signature,Prrc2a
HSC_signature,Wdr33
HSC_signature,Riok3
HSC_signature,Mrpl27
HSC_signature,Impact
HSC_signature,Nr3c1
HSC_signature,Mrps18b
HSC_signature,Rpp21
HSC_signature,Hdac3
HSC_signature,Diap1
HSC_signature,Dcp2
HSC_signature,Ik
HSC_signature,Ankhd1
HSC_signature,Yipf5
HSC_signature,Rbm27
HSC_signature,Lars
HSC_signature,Tcerg1
HSC_signature,Rab27b
HSC_signature,Smad4
HSC_signature,Sec11c
HSC_signature,Gnal
HSC_signature,Psmg2
HSC_signature,Ppic
HSC_signature,Ptpn2
HSC_signature,Cep192
HSC_signature,ENSMUSG00000024571
HSC_signature,Csnk1a1
HSC_signature,Pcyox1l
HSC_signature,Napg
HSC_signature,Txnl1
HSC_signature,Nars
HSC_signature,Slc12a2
HSC_signature,Isoc1
HSC_signature,Dctn4
HSC_signature,Rbm22
HSC_signature,Rps14
HSC_signature,Cd74
HSC_signature,Tcof1
HSC_signature,Tmx3
HSC_signature,Gnaq
HSC_signature,Psat1
HSC_signature,Tle4
HSC_signature,Timm21
HSC_signature,Cyb5a
HSC_signature,Asrgl1
HSC_signature,Anxa1
HSC_signature,Fth1
HSC_signature,Sdhaf2
HSC_signature,Mrpl16
HSC_signature,Fam111a
HSC_signature,Zfp91
HSC_signature,Rfk
HSC_signature,Ostf1
HSC_signature,Ddb1
HSC_signature,Zfand5
HSC_signature,Rtn3
HSC_signature,Atl3
HSC_signature,Otub1
HSC_signature,Cdc37l1
HSC_signature,Lipa
HSC_signature,Ak3
HSC_signature,Jak2
HSC_signature,Kif20b
HSC_signature,Rpp30
HSC_signature,Tnks2
HSC_signature,Uhrf2
HSC_signature,Rad9a
HSC_signature,Dpf2
HSC_signature,Mrpl21
HSC_signature,Coro1b
HSC_signature,Eif1ad
HSC_signature,Chka
HSC_signature,Banf1
HSC_signature,Aip
HSC_signature,Sf3b2
HSC_signature,Pold4
HSC_signature,Cdk2ap2
HSC_signature,Adrbk1
HSC_signature,Rab1b
HSC_signature,Yif1a
HSC_signature,Minpp1
HSC_signature,Cpt1a
HSC_signature,Mrpl11
HSC_signature,Ppp6r3
HSC_signature,Drap1
HSC_signature,Smarca2
HSC_signature,Rela
HSC_signature,Smc5
HSC_signature,Arl2
HSC_signature,Map4k2
HSC_signature,Sf1
HSC_signature,Prdx5
HSC_signature,Bad
HSC_signature,Fermt3
HSC_signature,Stip1
HSC_signature,Smc3
HSC_signature,Pdcd4
HSC_signature,Shoc2
HSC_signature,Acsl5
HSC_signature,Zdhhc6
HSC_signature,Tcf7l2
HSC_signature,Hhex
HSC_signature,Eif3a
HSC_signature,Fam45a
HSC_signature,Prdx3
HSC_signature,Hells
HSC_signature,Tm9sf3
HSC_signature,Smndc1
HSC_signature,Trim8
HSC_signature,Fundc1
HSC_signature,Pdcd11
HSC_signature,Slk
HSC_signature,Sfr1
HSC_signature,Gsto1
HSC_signature,Casp7
HSC_signature,Trub1
HSC_signature,Slc18a2
HSC_signature,Hdgfrp3
HSC_signature,P4hb
HSC_signature,Arhgdia
HSC_signature,Alyref
HSC_signature,Anapc11
HSC_signature,Pcyt2
HSC_signature,Sirt7
HSC_signature,Stra13
HSC_signature,Mob2
HSC_signature,Maged1
HSC_signature,Fasn
HSC_signature,Gps1
HSC_signature,Mms19
HSC_signature,Wdr45b
HSC_signature,Entpd7
HSC_signature,Scd2
HSC_signature,Ndufb8
HSC_signature,Mrpl43
HSC_signature,Sfxn3
HSC_signature,Mgea5
HSC_signature,Ldb1
HSC_signature,Actr1a
HSC_signature,Hexa
HSC_signature,Arih1
HSC_signature,Limd1
HSC_signature,Sacm1l
HSC_signature,Lztfl1
HSC_signature,Tbl1x
HSC_signature,Hsd17b10
HSC_signature,Huwe1
HSC_signature,Tsr2
HSC_signature,Gnl3l
HSC_signature,Maged2
HSC_signature,Sat1
HSC_signature,Acot9
HSC_signature,Prdx4
HSC_signature,Rps24
HSC_signature,Ube3a
HSC_signature,Kdm5c
HSC_signature,Sbds
HSC_signature,Cd63
HSC_signature,Ormdl2
HSC_signature,Cdk2
HSC_signature,Rps26
HSC_signature,Pa2g4
HSC_signature,Esyt1
HSC_signature,Smarcc2
HSC_signature,Nabp2
HSC_signature,Cnpy2
HSC_signature,Atp5b
HSC_signature,Prim1
HSC_signature,Shmt2
HSC_signature,Dctn2
HSC_signature,Ttc4
HSC_signature,Hdhd2
HSC_signature,Pias2
HSC_signature,Atp5a1
HSC_signature,Usp33
HSC_signature,Clns1a
HSC_signature,Paip1
HSC_signature,Nnt
HSC_signature,Echs1
HSC_signature,Bet1l
HSC_signature,Ric8
HSC_signature,Sirt3
HSC_signature,Ifitm1
HSC_signature,Ifitm3
HSC_signature,Sigirr
HSC_signature,Taldo1
HSC_signature,Rplp2
HSC_signature,Pnpla2
HSC_signature,Tspan4
HSC_signature,Chid1
HSC_signature,Asl
HSC_signature,Gusb
HSC_signature,Tm9sf2
HSC_signature,Clybl
HSC_signature,Tnrc6c
HSC_signature,Gaa
HSC_signature,Eif4a3
HSC_signature,Mkln1
HSC_signature,Bach1
HSC_signature,Cct8
HSC_signature,Usp16
HSC_signature,Phf6
HSC_signature,Hprt
HSC_signature,Shisa5
HSC_signature,Uqcrc1
HSC_signature,Sec11a
HSC_signature,Jmjd8
HSC_signature,Prps2
HSC_signature,Hadha
HSC_signature,Tyms
HSC_signature,Hspa4l
HSC_signature,Jade1
HSC_signature,Crispld1
HSC_signature,Itih5
HSC_signature,Atp5c1
HSC_signature,Taf3
HSC_signature,Exosc7
HSC_signature,Pgm2
HSC_signature,Rpl14
HSC_signature,Itgb1
HSC_signature,Nudt5
HSC_signature,Pdia4
HSC_signature,Xiap
HSC_signature,Stag2
HSC_signature,Higd2a
HSC_signature,Nop16
HSC_signature,Faf2
HSC_signature,Uimc1
HSC_signature,Casp12
HSC_signature,Casp1
HSC_signature,Aasdhppt
HSC_signature,Cwf19l2
HSC_signature,Alkbh8
HSC_signature,Lypla1
HSC_signature,Rb1cc1
HSC_signature,Sgk3
HSC_signature,Cops5
HSC_signature,Terf1
HSC_signature,Tram1
HSC_signature,Ube2w
HSC_signature,Pikfyve
HSC_signature,Idh1
HSC_signature,Creb1
HSC_signature,Fastkd2
HSC_signature,Eef1b2
HSC_signature,Ndufs1
HSC_signature,Mob4
HSC_signature,Hspd1
HSC_signature,Sf3b1
HSC_signature,Slc39a10
HSC_signature,Wdr75
HSC_signature,Ikzf2
HSC_signature,Lancl1
HSC_signature,Acadl
HSC_signature,Kansl1l
HSC_signature,Carf
HSC_signature,Wdr12
HSC_signature,Nop58
HSC_signature,Sumo1
HSC_signature,Casp8
HSC_signature,Cflar
HSC_signature,Ndufb3
HSC_signature,Clk1
HSC_signature,Ppil3
HSC_signature,Nif3l1
HSC_signature,Tex30
HSC_signature,Ptp4a1
HSC_signature,Pdcl3
HSC_signature,Rev1
HSC_signature,Eif5b
HSC_signature,Mrpl30
HSC_signature,Mitd1
HSC_signature,Inpp1
HSC_signature,Gls
HSC_signature,Stat1
HSC_signature,Unc50
HSC_signature,Coa5
HSC_signature,Inpp4a
HSC_signature,Plekhb2
HSC_signature,Ptpn18
HSC_signature,Imp4
HSC_signature,Dst
HSC_signature,Prim2
HSC_signature,Mff
HSC_signature,Sdhaf4
HSC_signature,Ogfrl1
HSC_signature,Rqcd1
HSC_signature,Ctdsp1
HSC_signature,Pnkd
HSC_signature,Atic
HSC_signature,Stk16
HSC_signature,Tuba4a
HSC_signature,Dnpep
HSC_signature,Trip12
HSC_signature,Sp100
HSC_signature,Psmd1
HSC_signature,Ncl
HSC_signature,Ptma
HSC_signature,Farsb
HSC_signature,Mrpl44
HSC_signature,Eif4e2
HSC_signature,Ndufa10
HSC_signature,Rnpepl1
HSC_signature,Ppp1r7
HSC_signature,2-Sep
HSC_signature,Stk25
HSC_signature,Atg4b
HSC_signature,Dtymk
HSC_signature,Ing5
HSC_signature,Inpp5d
HSC_signature,Lrrfip1
HSC_signature,Hdac4
HSC_signature,2310035C23Rik
HSC_signature,Actr3
HSC_signature,Ccnt2
HSC_signature,Ubxn4
HSC_signature,Mcm6
HSC_signature,Dars
HSC_signature,Rgs18
HSC_signature,Rgs1
HSC_signature,Rgs2
HSC_signature,Cdc73
HSC_signature,Tsn
HSC_signature,Nifk
HSC_signature,Epb41l5
HSC_signature,Dbi
HSC_signature,Nek7
HSC_signature,Ptprc
HSC_signature,Cd55
HSC_signature,Pfkfb2
HSC_signature,Tmem9
HSC_signature,Eif2d
HSC_signature,Rassf5
HSC_signature,Nucks1
HSC_signature,Elk4
HSC_signature,Pik3c2b
HSC_signature,Klhl12
HSC_signature,Cyb5r1
HSC_signature,Adipor1
HSC_signature,Atp2b4
HSC_signature,Tor1aip1
HSC_signature,Xpr1
HSC_signature,Glul
HSC_signature,Ncf2
HSC_signature,Rnf2
HSC_signature,Adck3
HSC_signature,Cdc42bpa
HSC_signature,Ahctf1
HSC_signature,Parp1
HSC_signature,Cox20
HSC_signature,Srp9
HSC_signature,Nvl
HSC_signature,Fh1
HSC_signature,Tagln2
HSC_signature,Copa
HSC_signature,Dcaf8
HSC_signature,Tada1
HSC_signature,Mpzl1
HSC_signature,Mpc2
HSC_signature,Dcaf6
HSC_signature,Ccdc181
HSC_signature,Selp
HSC_signature,Ralgps2
HSC_signature,Abl2
HSC_signature,Soat1
HSC_signature,Smyd2
HSC_signature,Eprs
HSC_signature,Iars2
HSC_signature,Lpgat1
HSC_signature,Ppp2r5a
HSC_signature,Angel2
HSC_signature,Nmt2
HSC_signature,Fam107b
HSC_signature,Frmd4a
HSC_signature,Atf6
HSC_signature,Phyh
HSC_signature,Uhmk1
HSC_signature,Aldh9a1
HSC_signature,Vamp4
HSC_signature,Prdx6
HSC_signature,Stam
HSC_signature,Rabgap1l
HSC_signature,Rsu1
HSC_signature,Vim
HSC_signature,Bmi1
HSC_signature,Dnajc1
HSC_signature,Mllt10
HSC_signature,Plxdc2
HSC_signature,Psmb7
HSC_signature,Ppp6c
HSC_signature,Arpc5l
HSC_signature,Orc4
HSC_signature,Mmadhc
HSC_signature,Spopl
HSC_signature,Yme1l1
HSC_signature,Abi2
HSC_signature,Apbb1ip
HSC_signature,Odf2
HSC_signature,Ttf1
HSC_signature,Dpm2
HSC_signature,St6galnac6
HSC_signature,Tsc1
HSC_signature,Eng
HSC_signature,Gfi1b
HSC_signature,Nr4a2
HSC_signature,Gpd2
HSC_signature,Cytip
HSC_signature,Fubp3
HSC_signature,Tor1b
HSC_signature,BC005624
HSC_signature,Hspa5
HSC_signature,Gapvd1
HSC_signature,Psmd5
HSC_signature,Zeb2
HSC_signature,Rab14
HSC_signature,Mrrf
HSC_signature,Rbm18
HSC_signature,Ndufa8
HSC_signature,Ifih1
HSC_signature,Psmd14
HSC_signature,Strbp
HSC_signature,Wdr5
HSC_signature,Brd3
HSC_signature,Egfl7
HSC_signature,Sec16a
HSC_signature,Pmpca
HSC_signature,Abca2
HSC_signature,Nmi
HSC_signature,Anapc2
HSC_signature,Ssna1
HSC_signature,Arrdc1
HSC_signature,7-Mar
HSC_signature,Psd4
HSC_signature,Hnmt
HSC_signature,Baz2b
HSC_signature,Dnajc10
HSC_signature,Itga4
HSC_signature,Ube2e3
HSC_signature,Dync1i2
HSC_signature,Cwc22
HSC_signature,Hat1
HSC_signature,Ssrp1
HSC_signature,Timm10
HSC_signature,Ube2l6
HSC_signature,Tfpi
HSC_signature,Itgav
HSC_signature,Zc3h15
HSC_signature,Atf2
HSC_signature,Ola1
HSC_signature,Sp3
HSC_signature,Itga6
HSC_signature,Arl14ep
HSC_signature,Slc12a6
HSC_signature,Emc4
HSC_signature,Katnbl1
HSC_signature,Nop10
HSC_signature,Ccdc34
HSC_signature,Lin7c
HSC_signature,B230118H07Rik
HSC_signature,Eif3m
HSC_signature,Cstf3
HSC_signature,Hipk3
HSC_signature,Fbxo3
HSC_signature,Caprin1
HSC_signature,Cat
HSC_signature,Trim44
HSC_signature,Api5
HSC_signature,Hsd17b12
HSC_signature,Gatm
HSC_signature,Myef2
HSC_signature,Dut
HSC_signature,Cops2
HSC_signature,Galk2
HSC_signature,Sord
HSC_signature,Eif3j1
HSC_signature,Wdr76
HSC_signature,Hypk
HSC_signature,Arhgap1
HSC_signature,Pdia3
HSC_signature,Arfgap2
HSC_signature,Tubgcp4
HSC_signature,Ubr1
HSC_signature,Mkks
HSC_signature,Mtch2
HSC_signature,Cdan1
HSC_signature,Snap23
HSC_signature,Zfp106
HSC_signature,Vps39
HSC_signature,Ptpra
HSC_signature,Rtf1
HSC_signature,Ivd
HSC_signature,Rassf2
HSC_signature,Tmem230
HSC_signature,Pcna
HSC_signature,Gpcpd1
HSC_signature,Fam98b
HSC_signature,Spred1
HSC_signature,Crls1
HSC_signature,Gabpb1
HSC_signature,Usp8
HSC_signature,Trpm7
HSC_signature,Sppl2a
HSC_signature,Stard7
HSC_signature,Dusp2
HSC_signature,Mrps5
HSC_signature,Polr1b
HSC_signature,Slc20a1
HSC_signature,Snrpb
HSC_signature,Nop56
HSC_signature,Idh3b
HSC_signature,Rrbp1
HSC_signature,Snx5
HSC_signature,Mgme1
HSC_signature,Polr3f
HSC_signature,Dtd1
HSC_signature,Xrn2
HSC_signature,Cd93
HSC_signature,Cst3
HSC_signature,Nsfl1c
HSC_signature,Rbck1
HSC_signature,Pdrg1
HSC_signature,Dnmt3b
HSC_signature,Mapre1
HSC_signature,Rtfdc1
HSC_signature,Tpd52
HSC_signature,Rae1
HSC_signature,Rbm38
HSC_signature,Stx16
HSC_signature,Gnas
HSC_signature,Impa1
HSC_signature,Lrrcc1
HSC_signature,Car2
HSC_signature,Psma7
HSC_signature,Pcmtd2
HSC_signature,Ahcy
HSC_signature,Itch
HSC_signature,Armc1
HSC_signature,Procr
HSC_signature,Eif6
HSC_signature,Nfs1
HSC_signature,Rbm39
HSC_signature,Tbl1xr1
HSC_signature,Ndrg3
HSC_signature,Sla2
HSC_signature,Samhd1
HSC_signature,Rpn2
HSC_signature,Rprd1b
HSC_signature,Skil
HSC_signature,Pik3ca
HSC_signature,Gnb4
HSC_signature,Actl6a
HSC_signature,Ndufb5
HSC_signature,Ttc14
HSC_signature,Ncoa3
HSC_signature,Dnajc19
HSC_signature,Fxr1
HSC_signature,Mecom
HSC_signature,Nceh1
HSC_signature,Sec62
HSC_signature,Dcun1d1
HSC_signature,Acad9
HSC_signature,Anxa5
HSC_signature,Exosc9
HSC_signature,Ufm1
HSC_signature,Supt20
HSC_signature,Exosc8
HSC_signature,Mbnl1
HSC_signature,Dhx36
HSC_signature,Mfsd1
HSC_signature,Il12a
HSC_signature,Kpna4
HSC_signature,Nmd3
HSC_signature,Ppid
HSC_signature,Tsc22d2
HSC_signature,Serp1
HSC_signature,Eif2a
HSC_signature,Gmps
HSC_signature,Ssr3
HSC_signature,Ccnl1
HSC_signature,Pdcd10
HSC_signature,Ptpn22
HSC_signature,Nras
HSC_signature,Notch2
HSC_signature,Sec22b
HSC_signature,Prpf38b
HSC_signature,Stxbp3
HSC_signature,Clcc1
HSC_signature,Ampd2
HSC_signature,Ahcyl1
HSC_signature,Dram2
HSC_signature,Dennd2d
HSC_signature,S100a11
HSC_signature,Jtb
HSC_signature,Tpm3
HSC_signature,Hax1
HSC_signature,Adar
HSC_signature,Slc50a1
HSC_signature,Larp7
HSC_signature,Hadh
HSC_signature,Casp6
HSC_signature,Ctso
HSC_signature,Aimp1
HSC_signature,Fubp1
HSC_signature,Dnajb4
HSC_signature,Ifi44
HSC_signature,Cks1b
HSC_signature,Scamp3
HSC_signature,Ash1l
HSC_signature,Arhgef2
HSC_signature,Lamtor2
HSC_signature,Gpatch4
HSC_signature,Apoa1bp
HSC_signature,Pear1
HSC_signature,Cd1d1
HSC_signature,Rps3a1
HSC_signature,Fbxw7
HSC_signature,Rnf115
HSC_signature,Pex11b
HSC_signature,Rprd2
HSC_signature,Gclm
HSC_signature,Pip5k1a
HSC_signature,Ptbp2
HSC_signature,Snx27
HSC_signature,Adh5
HSC_signature,Eif4e
HSC_signature,Dapp1
HSC_signature,Ppp3ca
HSC_signature,Nfkb1
HSC_signature,Cisd2
HSC_signature,Wls
HSC_signature,Zranb2
HSC_signature,Adgrl2
HSC_signature,Asph
HSC_signature,Trp53inp1
HSC_signature,Fam92a
HSC_signature,Tmem55a
HSC_signature,Decr1
HSC_signature,Nbn
HSC_signature,Cpne3
HSC_signature,Tgs1
HSC_signature,Rps20
HSC_signature,Ubxn2b
HSC_signature,Nsmaf
HSC_signature,Pnisr
HSC_signature,Sdcbp
HSC_signature,Ccnc
HSC_signature,Ndufaf4
HSC_signature,Gbp2
HSC_signature,Gtf2b
HSC_signature,Casp8ap2
HSC_signature,Rars2
HSC_signature,Slc35a1
HSC_signature,Smim8
HSC_signature,Rnf20
HSC_signature,Smc2
HSC_signature,Hemgn
HSC_signature,Anp32b
HSC_signature,Coro2a
HSC_signature,Erp44
HSC_signature,Tex10
HSC_signature,Txn1
HSC_signature,Ugcg
HSC_signature,Ptbp3
HSC_signature,Hsdl2
HSC_signature,Alad
HSC_signature,Pole3
HSC_signature,Zdhhc21
HSC_signature,Smu1
HSC_signature,Dnaja1
HSC_signature,B4galt1
HSC_signature,Chmp5
HSC_signature,Nfx1
HSC_signature,Rad23b
HSC_signature,Ikbkap
HSC_signature,Ubap2
HSC_signature,Epb41l4b
HSC_signature,Dcaf12
HSC_signature,Dctn3
HSC_signature,Vcp
HSC_signature,Stoml2
HSC_signature,Tln1
HSC_signature,Hint2
HSC_signature,Clta
HSC_signature,Glipr2
HSC_signature,Snapc3
HSC_signature,Psip1
HSC_signature,Rps6
HSC_signature,Mllt3
HSC_signature,Hacd4
HSC_signature,Usp24
HSC_signature,Mier1
HSC_signature,Pde4b
HSC_signature,Jak1
HSC_signature,Eps15
HSC_signature,Dock7
HSC_signature,Rnf11
HSC_signature,Osbpl9
HSC_signature,Usp1
HSC_signature,Nfia
HSC_signature,Txndc12
HSC_signature,Btf3l4
HSC_signature,Ift74
HSC_signature,Plaa
HSC_signature,Pum1
HSC_signature,Laptm5
HSC_signature,Tnfrsf1b
HSC_signature,Scp2
HSC_signature,Magoh
HSC_signature,Tmem59
HSC_signature,Tceanc2
HSC_signature,Ybx1
HSC_signature,Ndufs5
HSC_signature,Macf1
HSC_signature,Ppie
HSC_signature,Cap1
HSC_signature,Ppt1
HSC_signature,Tceb3
HSC_signature,Hmgcl
HSC_signature,Pnrc2
HSC_signature,Srsf10
HSC_signature,Rnf220
HSC_signature,Urod
HSC_signature,Ccdc163
HSC_signature,Prdx1
HSC_signature,Akr1a1
HSC_signature,Nasp
HSC_signature,Lurap1
HSC_signature,Rad54l
HSC_signature,Pdzk1ip1
HSC_signature,Tal1
HSC_signature,Cmpk1
HSC_signature,Ebna1bp2
HSC_signature,Mrto4
HSC_signature,Capzb
HSC_signature,Pink1
HSC_signature,Ddost
HSC_signature,Hp1bp3
HSC_signature,Eif4g3
HSC_signature,Ptpn12
HSC_signature,Zcchc17
HSC_signature,Ptp4a2
HSC_signature,Khdrbs1
HSC_signature,Ak2
HSC_signature,Tmem234
HSC_signature,Eif3i
HSC_signature,Hdac1
HSC_signature,Srrm1
HSC_signature,Sfpq
HSC_signature,Syf2
HSC_signature,Tmem50a
HSC_signature,Tmem57
HSC_signature,Stmn1
HSC_signature,Psmb2
HSC_signature,Ago3
HSC_signature,Sh3bgrl3
HSC_signature,Nudc
HSC_signature,Tmem222
HSC_signature,Csf3r
HSC_signature,Mrps15
HSC_signature,Meaf6
HSC_signature,Wasf2
HSC_signature,Gnl2
HSC_signature,Rpa2
HSC_signature,Trnau1ap
HSC_signature,Taf12
HSC_signature,Sf3a3
HSC_signature,Epb41
HSC_signature,Utp11l
HSC_signature,Cdk14
HSC_signature,Psmc2
HSC_signature,Rpl22
HSC_signature,Acot7
HSC_signature,Prkag2
HSC_signature,Rheb
HSC_signature,Abcf2
HSC_signature,Nub1
HSC_signature,Vamp3
HSC_signature,Per3
HSC_signature,Ube4b
HSC_signature,Pgd
HSC_signature,Park7
HSC_signature,Klhl7
HSC_signature,Tomm7
HSC_signature,Rint1
HSC_signature,Mad2l2
HSC_signature,Kmt2e
HSC_signature,Agtrap
HSC_signature,Orc5
HSC_signature,Dnajc2
HSC_signature,Pmpcb
HSC_signature,Ssu72
HSC_signature,Rer1
HSC_signature,Cdk11b
HSC_signature,Gnb1
HSC_signature,Mrpl20
HSC_signature,Ccnl2
HSC_signature,Sdf4
HSC_signature,Lrpap1
HSC_signature,Add1
HSC_signature,Rnf4
HSC_signature,Nelfa
HSC_signature,Dnajb6
HSC_signature,Snx17
HSC_signature,Nrbp1
HSC_signature,Ociad1
HSC_signature,Ociad2
HSC_signature,Khk
HSC_signature,Emilin1
HSC_signature,Agbl5
HSC_signature,Dhx15
HSC_signature,Anapc4
HSC_signature,Rfc1
HSC_signature,Grpel1
HSC_signature,Lias
HSC_signature,Pds5a
HSC_signature,Ube2k
HSC_signature,Rhoh
HSC_signature,Guf1
HSC_signature,Gnpda2
HSC_signature,Commd8
HSC_signature,Fip1l1
HSC_signature,Ppat
HSC_signature,Paics
HSC_signature,Rest
HSC_signature,Polr2b
HSC_signature,Cenpc1
HSC_signature,Stap1
HSC_signature,Dr1
HSC_signature,Mtf2
HSC_signature,Fam69a
HSC_signature,Glmn
HSC_signature,Tgfbr3
HSC_signature,Zfp326
HSC_signature,Abcg3
HSC_signature,Aff1
HSC_signature,Coq2
HSC_signature,Hnrnpdl
HSC_signature,Tpst2
HSC_signature,Rfc5
HSC_signature,Pf4
HSC_signature,Gtf2h3
HSC_signature,Tmed2
HSC_signature,Cdk2ap1
HSC_signature,Rchy1
HSC_signature,G3bp2
HSC_signature,Sdad1
HSC_signature,Rsrc2
HSC_signature,Zcchc8
HSC_signature,Ran
HSC_signature,Gbas
HSC_signature,Diablo
HSC_signature,Aldh2
HSC_signature,Fam168a
HSC_signature,Vps29
HSC_signature,Arpc3
HSC_signature,Atp2a2
HSC_signature,Anapc5
HSC_signature,Kdm2b
HSC_signature,Mrpl1
HSC_signature,Ankle2
HSC_signature,Ep400
HSC_signature,Ulk1
HSC_signature,Chek2
HSC_signature,Pxn
HSC_signature,St7
HSC_signature,Srsf9
HSC_signature,Sppl3
HSC_signature,Psmg3
HSC_signature,Tes
HSC_signature,Oasl2
HSC_signature,Tmem106b
HSC_signature,Ube3b
HSC_signature,Actb
HSC_signature,Sdsl
HSC_signature,Aimp2
HSC_signature,Eif2ak1
HSC_signature,Rpl6
HSC_signature,Erp29
HSC_signature,Arpc1a
HSC_signature,Arpc1b
HSC_signature,Pdap1
HSC_signature,Phf14
HSC_signature,Ndufa4
HSC_signature,Rnf6
HSC_signature,Polr1d
HSC_signature,Pan3
HSC_signature,Pomp
HSC_signature,N4bp2l2
HSC_signature,Hsph1
HSC_signature,Ing3
HSC_signature,Fam3c
HSC_signature,Pot1a
HSC_signature,Cul1
HSC_signature,Ezh2
HSC_signature,Rbm28
HSC_signature,Lrwd1
HSC_signature,Cux1
HSC_signature,Gigyf1
HSC_signature,Pop7
HSC_signature,Tfr2
HSC_signature,Tsc22d4
HSC_signature,Zkscan1
HSC_signature,Mcm7
HSC_signature,Pon3
HSC_signature,Exoc4
HSC_signature,Calu
HSC_signature,Hibadh
HSC_signature,Nt5c3
HSC_signature,Tmem209
HSC_signature,Avl9
HSC_signature,Herc6
HSC_signature,Abcg2
HSC_signature,Tmem176b
HSC_signature,Tra2a
HSC_signature,Dfna5
HSC_signature,Luc7l2
HSC_signature,Zc3hav1
HSC_signature,Cbx3
HSC_signature,Mtpn
HSC_signature,Zyx
HSC_signature,Casp2
HSC_signature,Ssbp1
HSC_signature,Agk
HSC_signature,Mrps33
HSC_signature,Mkrn1
HSC_signature,Tbxas1
HSC_signature,Gfpt1
HSC_signature,Nfu1
HSC_signature,Anxa4
HSC_signature,Dusp11
HSC_signature,Cct7
HSC_signature,Zfp638
HSC_signature,Wbp1
HSC_signature,Mogs
HSC_signature,Pole4
HSC_signature,Mrpl19
HSC_signature,Gp9
HSC_signature,Rab43
HSC_signature,Isy1
HSC_signature,Cnbp
HSC_signature,Copg1
HSC_signature,Uba3
HSC_signature,Rpn1
HSC_signature,Foxp1
HSC_signature,Ruvbl1
HSC_signature,Sec61a1
HSC_signature,Nup210
HSC_signature,Xpc
HSC_signature,Tmem43
HSC_signature,Slc6a6
HSC_signature,Itpr1
HSC_signature,Arl8b
HSC_signature,Mlf2
HSC_signature,Cops7a
HSC_signature,Gabarapl1
HSC_signature,Rad52
HSC_signature,Adipor2
HSC_signature,Kdm5a
HSC_signature,Ybx3
HSC_signature,Etv6
HSC_signature,Lrp6
HSC_signature,Ddx47
HSC_signature,Atf7ip
HSC_signature,Wbp11
HSC_signature,Art4
HSC_signature,Arhgdib
HSC_signature,Strap
HSC_signature,Aebp2
HSC_signature,Golt1b
HSC_signature,Ldhb
HSC_signature,Srgap3
HSC_signature,Lrmp
HSC_signature,Thumpd3
HSC_signature,Etnk1
HSC_signature,C2cd5
HSC_signature,Cmas
HSC_signature,Emc3
HSC_signature,Med21
HSC_signature,Sec13
HSC_signature,Ccdc91
HSC_signature,Ergic2
HSC_signature,Dennd5b
HSC_signature,Vgll4
HSC_signature,Ing4
HSC_signature,Mrpl51
HSC_signature,Cd27
HSC_signature,Tnfrsf1a
HSC_signature,Cd9
HSC_signature,Fkbp4
HSC_signature,Pdcd5
HSC_signature,Uri1
HSC_signature,Rpl28
HSC_signature,Cyfip1
HSC_signature,Herc2
HSC_signature,Prmt3
HSC_signature,Snrpa1
HSC_signature,Mphosph10
HSC_signature,Iqgap1
HSC_signature,Idh2
HSC_signature,Mef2a
HSC_signature,Rab38
HSC_signature,Ctsc
HSC_signature,Yif1b
HSC_signature,Psmd8
HSC_signature,Pak4
HSC_signature,Psmc4
HSC_signature,Mfge8
HSC_signature,Mrpl46
HSC_signature,Ccdc90b
HSC_signature,Tmem126a
HSC_signature,Eed
HSC_signature,Zfand6
HSC_signature,Ndufc2
HSC_signature,Arl6ip1
HSC_signature,Smg1
HSC_signature,Ipo5
HSC_signature,1110004F10Rik
HSC_signature,Maz
HSC_signature,Fchsd2
HSC_signature,Aldoa
HSC_signature,Ppp4c
HSC_signature,Rab6a
HSC_signature,Mrpl48
HSC_signature,Coro1a
HSC_signature,Sult1a1
HSC_signature,Ccdc101
HSC_signature,Nupr1
HSC_signature,Cln3
HSC_signature,Pold3
HSC_signature,Pgm2l1
HSC_signature,Eif3c
HSC_signature,Lat
HSC_signature,Rps3
HSC_signature,Nsmce1
HSC_signature,Psma1
HSC_signature,Copb1
HSC_signature,Far1
HSC_signature,Acer3
HSC_signature,Arhgap17
HSC_signature,Pak1
HSC_signature,Rbbp6
HSC_signature,Dkkl1
HSC_signature,Pycard
HSC_signature,Fus
HSC_signature,Cd37
HSC_signature,Bckdk
HSC_signature,Stx4a
HSC_signature,Nucb1
HSC_signature,Bcat2
HSC_signature,Nomo1
HSC_signature,Lamtor1
HSC_signature,Tial1
HSC_signature,Ate1
HSC_signature,Acadsb
HSC_signature,Dctn5
HSC_signature,Ndufab1
HSC_signature,Ubfd1
HSC_signature,Mrpl17
HSC_signature,Uqcrc2
HSC_signature,Rrp8
HSC_signature,Ilk
HSC_signature,Tpp1
HSC_signature,Trim30a
HSC_signature,Oat
HSC_signature,Thumpd1
HSC_signature,Mettl10
HSC_signature,Fam175b
HSC_signature,Zranb1
HSC_signature,Ctbp2
HSC_signature,Rrm1
HSC_signature,Knop1
HSC_signature,Bccip
HSC_signature,Pgap2
HSC_signature,Mki67
HSC_signature,Atp6ap2
HSC_signature,Usp9x
HSC_signature,Swap70
HSC_signature,Eif3f
HSC_signature,Ndufb11
HSC_signature,Rbm10
HSC_signature,Glrx3
HSC_signature,Fadd
HSC_signature,Cttn
HSC_signature,Dock11
HSC_signature,Sash3
HSC_signature,Elf4
HSC_signature,Stk26
HSC_signature,Arhgef6
HSC_signature,Rbmx
HSC_signature,Plp2
HSC_signature,Pim2
HSC_signature,Pqbp1
HSC_signature,Timm17b
HSC_signature,Was
HSC_signature,Wdr13
HSC_signature,Rbm3
HSC_signature,Dynlt3
HSC_signature,Vbp1
HSC_signature,Fundc2
HSC_signature,Brcc3
HSC_signature,Msn
HSC_signature,Igbp1
HSC_signature,Pbdc1
HSC_signature,Atrx
HSC_signature,Cox7b
HSC_signature,Magt1
HSC_signature,Itm2a
HSC_signature,2610002M06Rik
HSC_signature,Hmgn5
HSC_signature,Sh3bgrl
HSC_signature,Cstf2
HSC_signature,Btk
HSC_signature,Acsl4
HSC_signature,Pdha1
HSC_signature,Il2rg
HSC_signature,Rps6ka3
HSC_signature,Zmym3
HSC_signature,Nono
HSC_signature,Taf1
HSC_signature,Rps4x
HSC_signature,Flna
HSC_signature,Cetn2
HSC_signature,Rbbp7
HSC_signature,Arhgap6
HSC_signature,Msl3
HSC_signature,Ctps2
HSC_signature,Zrsr2
HSC_signature,Bgn
HSC_signature,Hcfc1
HSC_signature,Naa10
HSC_signature,Irak1
HSC_signature,Mecp2
HSC_signature,Dkc1
HSC_signature,Morf4l2
HSC_signature,Psmd10
HSC_signature,Tsc22d3
HSC_signature,Prps1
HSC_signature,Cul4a
HSC_signature,Rasa3
HSC_signature,Agpat5
HSC_signature,Vps36
HSC_signature,Eif4ebp1
HSC_signature,Carkd
HSC_signature,Ptpn7
HSC_signature,Ankrd10
HSC_signature,Leprotl1
HSC_signature,Dctn6
HSC_signature,Saraf
HSC_signature,Polb
HSC_signature,Ikbkb
HSC_signature,Kat6a
HSC_signature,Tm2d2
HSC_signature,Plekha2
HSC_signature,Dctd
HSC_signature,Mak16
HSC_signature,Wrn
HSC_signature,Gsr
HSC_signature,Gtf2e2
HSC_signature,Rbpms
HSC_signature,Frg1
HSC_signature,Asah1
HSC_signature,Pcm1
HSC_signature,Vps37a
HSC_signature,Cnot7
HSC_signature,Msmo1
HSC_signature,Sin3b
HSC_signature,Irf2
HSC_signature,Cfap97
HSC_signature,Slc25a4
HSC_signature,Ufsp2
HSC_signature,Sh3rf1
HSC_signature,Nek1
HSC_signature,Heatr3
HSC_signature,Adcy7
HSC_signature,Brd7
HSC_signature,Rbl2
HSC_signature,Aktip
HSC_signature,Got2
HSC_signature,Smad1
HSC_signature,Lsm6
HSC_signature,Tnpo2
HSC_signature,Vps35
HSC_signature,Orc6
HSC_signature,Dnaja2
HSC_signature,Tecr
HSC_signature,Zfp330
HSC_signature,Il15
HSC_signature,Smarca5
HSC_signature,Ist1
HSC_signature,Ap1g1
HSC_signature,Amfr
HSC_signature,Cog4
HSC_signature,Nudt21
HSC_signature,Mt1
HSC_signature,Herpud1
HSC_signature,Fam192a
HSC_signature,Coq9
HSC_signature,Polr2c
HSC_signature,Adgrg1
HSC_signature,Cfap20
HSC_signature,Pgls
HSC_signature,Map1lc3b
HSC_signature,Cox4i1
HSC_signature,Emc8
HSC_signature,Babam1
HSC_signature,Gins2
HSC_signature,Gse1
HSC_signature,Usp10
HSC_signature,Mast3
HSC_signature,Mbtps1
HSC_signature,Hsbp1
HSC_signature,Lsm4
HSC_signature,Mau2
HSC_signature,Atp13a1
HSC_signature,Ints10
HSC_signature,Nae1
HSC_signature,Fam96b
HSC_signature,Cbfb
HSC_signature,Psmb10
HSC_signature,Nfatc3
HSC_signature,Nip7
HSC_signature,Mtmr2
HSC_signature,Terf2
HSC_signature,Cep57
HSC_signature,Cyb5b
HSC_signature,Maml2
HSC_signature,Wwp2
HSC_signature,Ankrd49
HSC_signature,Taf1d
HSC_signature,Kars
HSC_signature,Gabarapl2
HSC_signature,Cfdp1
HSC_signature,2810004N23Rik
HSC_signature,Gnpat
HSC_signature,Vps26b
HSC_signature,Aplp2
HSC_signature,Trpc6
HSC_signature,Dcun1d5
HSC_signature,Sc5d
HSC_signature,Ubash3b
HSC_signature,Rexo2
HSC_signature,Cul5
HSC_signature,Ets1
HSC_signature,Dcps
HSC_signature,Srpr
HSC_signature,Acat1
HSC_signature,Rdx
HSC_signature,Pts
HSC_signature,Bace1
HSC_signature,Arcn1
HSC_signature,Ddx6
HSC_signature,Trappc4
HSC_signature,Stt3a
HSC_signature,Pin1
HSC_signature,Ilf3
HSC_signature,Smarca4
HSC_signature,Polr2m
HSC_signature,Rab27a
HSC_signature,Sltm
HSC_signature,Rsl24d1
HSC_signature,Nedd4
HSC_signature,Rnf111
HSC_signature,Tcf12
HSC_signature,Ice2
HSC_signature,Rora
HSC_signature,Rp9
HSC_signature,Fem1b
HSC_signature,Cln6
HSC_signature,Anp32a
HSC_signature,Phip
HSC_signature,Zw10
HSC_signature,Idh3a
HSC_signature,Imp3
HSC_signature,Ireb2
HSC_signature,Pkm
HSC_signature,Commd4
HSC_signature,Psma4
HSC_signature,Fam219b
HSC_signature,Ube2q2
HSC_signature,Fbxo22
HSC_signature,Csk
HSC_signature,Etfa
HSC_signature,Clk3
HSC_signature,Tspan3
HSC_signature,Tmem30a
HSC_signature,Hmg20a
HSC_signature,Cox7a2
HSC_signature,Nptn
HSC_signature,Elovl5
HSC_signature,Tmed3
HSC_signature,Tpm1
HSC_signature,Plscr1
HSC_signature,Usp3
HSC_signature,Plscr4
HSC_signature,Fam96a
HSC_signature,Snx1
HSC_signature,Ppib
HSC_signature,Csnk1g1
HSC_signature,Trip4
HSC_signature,Spg21
HSC_signature,Tipin
HSC_signature,Snapc5
HSC_signature,Rpl4
HSC_signature,Smad3
HSC_signature,Pias1
HSC_signature,U2surp
HSC_signature,Atr
HSC_signature,Xrn1
HSC_signature,Tfdp2
HSC_signature,Atp1b3
HSC_signature,Rasa2
HSC_signature,Snx14
HSC_signature,Syncrip
HSC_signature,Dync1li1
HSC_signature,Cmtm7
HSC_signature,Stt3b
HSC_signature,Slc25a36
HSC_signature,Copb2
HSC_signature,Armc8
HSC_signature,Nck1
HSC_signature,Dhx30
HSC_signature,Smarcc1
HSC_signature,Pdcd6ip
HSC_signature,Wdr48
HSC_signature,Rpsa
HSC_signature,Nktr
HSC_signature,Deb1
HSC_signature,1110059G10Rik
HSC_signature,Topbp1
HSC_signature,Uba5
HSC_signature,Gnai2
HSC_signature,Atp2c1
HSC_signature,Manf
HSC_signature,Mapkapk3
HSC_signature,Cish
HSC_signature,Rbm5
HSC_signature,Rbm6
HSC_signature,Apeh
HSC_signature,Ip6k1
HSC_signature,Uba7
HSC_signature,Qars
HSC_signature,Usp4
HSC_signature,Srek1
HSC_signature,Eml4
HSC_signature,Flcn
HSC_signature,Chsy1
HSC_signature,Crebl2
HSC_signature,Prorsd1
HSC_signature,Lmo2
HSC_signature,2810474O19Rik
HSC_signature,Mansc1
HSC_signature,Mier3
HSC_signature,Ccdc88a
HSC_signature,Gpbp1
HSC_signature,Bet1
HSC_signature,Gng11
HSC_signature,Gtf3c1
HSC_signature,Pdxk
HSC_signature,Cdv3
HSC_signature,Arap1
HSC_signature,Ppp1r9a
HSC_signature,Psmf1
HSC_signature,Smap2
HSC_signature,Slc16a1
HSC_signature,Atg12
HSC_signature,Lrig2
HSC_signature,Pebp1
HSC_signature,Fkbp1a
HSC_signature,Mycbp2
HSC_signature,Trim33
HSC_signature,Nfatc1
HSC_signature,Polr2f
HSC_signature,Afap1l1
HSC_signature,Eif3l
HSC_signature,Npat
HSC_signature,Senp1
HSC_signature,Clec1a
HSC_signature,Tbc1d4
HSC_signature,Triobp
HSC_signature,Rnf125
HSC_signature,3830406C13Rik
HSC_signature,Cnppd1
HSC_signature,Tmed7
HSC_signature,Mzt1
HSC_signature,Tie1
HSC_signature,Rac2
HSC_signature,Scaf11
HSC_signature,Arid2
HSC_signature,Ttll4
HSC_signature,Slc35a4
HSC_signature,Wdr3
HSC_signature,Lpp
HSC_signature,Mif
HSC_signature,Fem1c
HSC_signature,Dnm2
HSC_signature,Rtp4
HSC_signature,Usp37
HSC_signature,Atp6v0b
HSC_signature,Frrs1
HSC_signature,Clasp2
HSC_signature,Ctdspl2
HSC_signature,Cacul1
HSC_signature,Eri3
HSC_signature,Mcee
HSC_signature,Specc1l
HSC_signature,Lpar6
HSC_signature,Tagap
HSC_signature,Zbtb1
HSC_signature,Fam160b1
HSC_signature,Fndc3a
HSC_signature,BC026585
HSC_signature,Larp4b
HSC_signature,Casp4
HSC_signature,Gtf2a2
HSC_signature,Znrf1
HSC_signature,Dph5
HSC_signature,Ndn
HSC_signature,Hacd3
HSC_signature,Cep350
HSC_signature,Qsox1
HSC_signature,Ucp2
HSC_signature,Foxn3
HSC_signature,Sf3b3
HSC_signature,Gadd45gip1
HSC_signature,Rbm4b
HSC_signature,Exoc6b
HSC_signature,Rpap2
HSC_signature,Tubgcp5
HSC_signature,Atp7a
HSC_signature,Atp6v1h
HSC_signature,Fam208b
HSC_signature,Tmem87a
HSC_signature,Tcea1
HSC_signature,Mrpl15
HSC_signature,Klf9
HSC_signature,Lgals3bp
HSC_signature,Usp36
HSC_signature,Gucy1a3
HSC_signature,Chmp2a
HSC_signature,Gde1
HSC_signature,Parl
HSC_signature,Ndufb7
HSC_signature,Brk1
HSC_signature,Mga
HSC_signature,Ppp3r1
HSC_signature,Rfc3
HSC_signature,Pqlc1
HSC_signature,Scaper
HSC_signature,Pds5b
HSC_signature,Cpsf1
HSC_signature,Cct2
HSC_signature,Lyl1
HSC_signature,Gpbp1l1
HSC_signature,Poglut1
HSC_signature,Ccdc174
HSC_signature,Hdlbp
HSC_signature,Ccs
HSC_signature,Golim4
HSC_signature,Vav1
HSC_signature,Srsf2
HSC_signature,Exoc3
HSC_signature,Ino80
HSC_signature,Lrrc58
HSC_signature,Ogt
HSC_signature,Zfc3h1
HSC_signature,Ccnd3
HSC_signature,Nsf
HSC_signature,Hsdl1
HSC_signature,Lsm3
HSC_signature,Chchd4
HSC_signature,Efcab14
HSC_signature,Mrps17
HSC_signature,Atm
HSC_signature,Usp54
HSC_signature,Golgb1
HSC_signature,Slc25a37
HSC_signature,Senp6
HSC_signature,Agpat1
HSC_signature,Batf
HSC_signature,Setd5
HSC_signature,Nipsnap1
HSC_signature,Nek9
HSC_signature,Med13
HSC_signature,Iqsec1
HSC_signature,Exosc1
HSC_signature,Plcg2
HSC_signature,Wbp2
HSC_signature,Ube2f
HSC_signature,Gtf2h5
HSC_signature,Smc4
HSC_signature,Ramp1
HSC_signature,Mtmr3
HSC_signature,Cpne2
HSC_signature,Cmip
HSC_signature,Pja1
HSC_signature,Parp14
HSC_signature,Gcsh
HSC_signature,Cops8
HSC_signature,Gbp8
HSC_signature,Pkd2
HSC_signature,Sec22a
HSC_signature,Snx2
HSC_signature,Hmgxb4
HSC_signature,Rsrc1
HSC_signature,A230046K03Rik
HSC_signature,Atp5h
HSC_signature,Myo5a
HSC_signature,2700049A03Rik
HSC_signature,Zcchc11
HSC_signature,Ppm1h
HSC_signature,Pik3ip1
HSC_signature,Tmem5
HSC_signature,Gpatch8
HSC_signature,Zyg11b
HSC_signature,Tiparp
HSC_signature,Ankrd12
HSC_signature,Bmp2k
HSC_signature,Xpot
HSC_signature,Rnps1
HSC_signature,Grn
HSC_signature,Tmx4
HSC_signature,Cnot6l
HSC_signature,Mrps10
HSC_signature,Sirt6
HSC_signature,Mast4
HSC_signature,Tmub2
HSC_signature,Tle6
HSC_signature,G6pc3
HSC_signature,Sos2
HSC_signature,Colgalt1
HSC_signature,Cpsf7
HSC_signature,Tet3
HSC_signature,Ankrd27
HSC_signature,Myl12b
HSC_signature,Mrpl34
HSC_signature,Rps29
HSC_signature,Pip5k1c
HSC_signature,Sidt2
HSC_signature,Dhx8
HSC_signature,Mrpl54
HSC_signature,Dopey1
HSC_signature,Eef2
HSC_signature,Foxn2
HSC_signature,Dpp4
HSC_signature,Zbtb7a
HSC_signature,Baz1a
HSC_signature,Ncapd3
HSC_signature,Anapc13
HSC_signature,Eef2k
HSC_signature,Oma1
HSC_signature,Becn1
HSC_signature,Secisbp2l
HSC_signature,Arhgap5
HSC_signature,Secisbp2
HSC_signature,Eif2s3x
HSC_signature,Ap2b1
HSC_signature,Ints6
HSC_signature,1110059E24Rik
HSC_signature,Heatr5a
HSC_signature,Slc24a5
HSC_signature,Arl6ip5
HSC_signature,Leprot
HSC_signature,Lsm7
HSC_signature,Spcs2
HSC_signature,Pdk3
HSC_signature,Scai
HSC_signature,Oaz1
HSC_signature,Hectd1
HSC_signature,Zcchc6
HSC_signature,Plekhj1
HSC_signature,Vps13c
HSC_signature,Cops4
HSC_signature,Sec31a
HSC_signature,Nfkbiz
HSC_signature,Oser1
HSC_signature,Rabgap1
HSC_signature,Thyn1
HSC_signature,Eif1
HSC_signature,Leng8
HSC_signature,Ankrd11
HSC_signature,Utp6
HSC_signature,Prpf39
HSC_signature,Fam179b
HSC_signature,Rsf1
HSC_signature,Aamdc
HSC_signature,Zcchc7
HSC_signature,Ndufa3
HSC_signature,Rnf38
HSC_signature,Hmha1
HSC_signature,Supt16
HSC_signature,Wdr18
HSC_signature,Dync1li2
HSC_signature,Cd99l2
HSC_signature,R3hdm4
HSC_signature,Cep19
HSC_signature,Zdhhc17
HSC_signature,Ythdc1
HSC_signature,Cox8a
HSC_signature,Uba6
HSC_signature,Dennd5a
HSC_signature,H2-Q4
HSC_signature,Tmem55b
HSC_signature,Apex1
HSC_signature,Ddx26b
HSC_signature,Fnip1
HSC_signature,Fam65b
HSC_signature,Parp2
HSC_signature,Sugp2
HSC_signature,Galt
HSC_signature,Arl5a
HSC_signature,Fam178a
HSC_signature,Rab3gap1
HSC_signature,Mbnl3
HSC_signature,Metap2
HSC_signature,Rpp25l
HSC_signature,Rfxank
HSC_signature,Mgat5
HSC_signature,Gatad2a
HSC_signature,Hist1h1c
HSC_signature,Ankmy2
HSC_signature,Ndufa13
HSC_signature,Rif1
HSC_signature,Ube2r2
HSC_signature,Rbm43
HSC_signature,9530068E07Rik
HSC_signature,BC031181
HSC_signature,Skp1a
HSC_signature,Znrd1
HSC_signature,Srp72
HSC_signature,Kidins220
HSC_signature,Csgalnact1
HSC_signature,Serbp1
HSC_signature,Tmem258
HSC_signature,Sec24a
HSC_signature,Ppp1r11
HSC_signature,Gng12
HSC_signature,Gpi1
HSC_signature,Calm2
HSC_signature,Arhgap26
HSC_signature,Elf1
HSC_signature,Btg1
HSC_signature,Eea1
HSC_signature,Rnf13
HSC_signature,Phpt1
HSC_signature,Commd2
HSC_signature,Cdc42ep3
HSC_signature,Cnot1
HSC_signature,Upf3b
HSC_signature,Arhgap21
HSC_signature,H2-Aa
HSC_signature,Chst12
HSC_signature,Atp13a2
HSC_signature,Alg5
HSC_signature,Tbc1d9b
HSC_signature,Cenpt
HSC_signature,Nop14
HSC_signature,Ago2
HSC_signature,Cab39
HSC_signature,Cyld
HSC_signature,Cuedc2
HSC_signature,Cox6b1
HSC_signature,Tubb4b
HSC_signature,Wdr44
HSC_signature,Decr2
HSC_signature,Papd5
HSC_signature,Rps27l
HSC_signature,Topors
HSC_signature,Pnpla7
HSC_signature,Psenen
HSC_signature,Lin37
HSC_signature,Mrpl41
HSC_signature,Mrpl55
HSC_signature,Phkb
HSC_signature,Ehmt1
HSC_signature,Rap2b
HSC_signature,Zfp157
HSC_signature,Zfp280c
HSC_signature,4921524J17Rik
HSC_signature,Kdm1a
HSC_signature,Rab8b
HSC_signature,Cnpy4
HSC_signature,Anapc10
HSC_signature,Taf6
HSC_signature,Pml
HSC_signature,Otud4
HSC_signature,Nxt1
HSC_signature,Zfp39
HSC_signature,Hk1
HSC_signature,Ss18
HSC_signature,Paip2
HSC_signature,Sh3glb1
HSC_signature,Rbmxl1
HSC_signature,15-Sep
HSC_signature,Rnf139
HSC_signature,Setd7
HSC_signature,D15Ertd621e
HSC_signature,Aff3
HSC_signature,Ddx1
HSC_signature,Ndufc1
HSC_signature,Mycn
HSC_signature,Elf2
HSC_signature,Rbm17
HSC_signature,Fam193a
HSC_signature,Hook3
HSC_signature,Matr3
HSC_signature,Kin
HSC_signature,Rsrp1
HSC_signature,4932438A13Rik
HSC_signature,Galnt6
HSC_signature,Stag1
HSC_signature,Lsm1
HSC_signature,Traf3ip3
HSC_signature,Tap1
HSC_signature,Larp1
HSC_signature,Map4k1
HSC_signature,Taf2
HSC_signature,Letmd1
HSC_signature,Uvssa
HSC_signature,Sf3b6
HSC_signature,Srrt
HSC_signature,Pafah2
HSC_signature,Kdm6a
HSC_signature,Ctbp1
HSC_signature,Trmt6
HSC_signature,Rcor3
HSC_signature,Atp11b
HSC_signature,Cnnm4
HSC_signature,Dmxl1
HSC_signature,Azin1
HSC_signature,Ints7
HSC_signature,Klf10
HSC_signature,Dtl
HSC_signature,Thoc2
HSC_signature,Asxl2
HSC_signature,Ubr5
HSC_signature,Fam168b
HSC_signature,Mrpl47
HSC_signature,Rapgef6
HSC_signature,Rps16
HSC_signature,Mcrs1
HSC_signature,Wdhd1
HSC_signature,Tob1
HSC_signature,Nme1
HSC_signature,Bclaf1
HSC_signature,Vps13b
HSC_signature,H2-DMa
HSC_signature,Phc3
HSC_signature,Cdkn1c
HSC_signature,Ldah
HSC_signature,Rfx7
HSC_signature,Atp8a1
HSC_signature,Cd81
HSC_signature,Cisd1
HSC_signature,Tmem33
HSC_signature,Gnpnat1
HSC_signature,Eef1a1
HSC_signature,Ppp1r16b
HSC_signature,Mrpl23
HSC_signature,Apopt1
HSC_signature,N4bp2
HSC_signature,Rpl10a
HSC_signature,Fam76b
HSC_signature,Ctnna1
HSC_signature,Tgm2
HSC_signature,Smim14
HSC_signature,Tspan14
HSC_signature,Ppm1k
HSC_signature,Iars
HSC_signature,Nufip2
HSC_signature,Jmjd1c
HSC_signature,H2afz
HSC_signature,Rcor1
HSC_signature,Bri3bp
HSC_signature,Ndufv1
HSC_signature,Ddx60
HSC_signature,Ssh2
HSC_signature,Smarce1
HSC_signature,Chchd5
HSC_signature,Ccdc55
HSC_signature,1110007C09Rik
HSC_signature,Zc3h7a
HSC_signature,Ninj1
HSC_signature,1110032A03Rik
HSC_signature,Acd
HSC_signature,Cramp1l
HSC_signature,2700029M09Rik
HSC_signature,Fam120a
HSC_signature,Dennd4c
HSC_signature,Gcc2
HSC_signature,Haus6
HSC_signature,Kmt2c
HSC_signature,Cdkn2aip
HSC_signature,Cntln
HSC_signature,Opa1
HSC_signature,Sbno1
HSC_signature,Phf20
HSC_signature,Fam210a
HSC_signature,Ccdc50
HSC_signature,Cd84
HSC_signature,Ormdl3
HSC_signature,Atg5
HSC_signature,Ttc39b
HSC_signature,Fam126b
HSC_signature,Scarf1
HSC_signature,Hiatl1
HSC_signature,Tlcd2
HSC_signature,Hoxa9
HSC_signature,F11r
HSC_signature,Hoxa7
HSC_signature,Hoxa5
HSC_signature,Fau
HSC_signature,Nop2
HSC_signature,Ostm1
HSC_signature,Smg6
HSC_signature,Wdr36
HSC_signature,Snx10
HSC_signature,Edem2
HSC_signature,Trpc4ap
HSC_signature,Sesn1
HSC_signature,Tsr1
HSC_signature,Mlxip
HSC_signature,Txlng
HSC_signature,Pcp4l1
HSC_signature,Rbm8a
HSC_signature,Pigu
HSC_signature,Mpp6
HSC_signature,Txnip
HSC_signature,Higd1a
HSC_signature,Cdc16
HSC_signature,Egr1
HSC_signature,Poli
HSC_signature,Usp5
HSC_signature,Cdc40
HSC_signature,Uqcrfs1
HSC_signature,Cdk19
HSC_signature,Tfdp1
HSC_signature,Polr2l
HSC_signature,Mesdc2
HSC_signature,Rpf2
HSC_signature,Jarid2
HSC_signature,Armc10
HSC_signature,Cbfa2t2
HSC_signature,Zfp280d
HSC_signature,Ubn2
HSC_signature,Pcid2
HSC_signature,BC028528
HSC_signature,Inip
HSC_signature,Rad9b
HSC_signature,Susd1
HSC_signature,Pptc7
HSC_signature,Fam65a
HSC_signature,Gng10
HSC_signature,Dock10
HSC_signature,Phrf1
HSC_signature,Mcl1
HSC_signature,Nfe2l1
HSC_signature,Ensa
HSC_signature,Polr3k
HSC_signature,Degs1
HSC_signature,Fam103a1
HSC_signature,Rnh1
HSC_signature,Ric1
HSC_signature,Herc1
HSC_signature,Arfrp1
HSC_signature,Pak1ip1
HSC_signature,Atp5j2
HSC_signature,Golga4
HSC_signature,Fam63a
HSC_signature,Atp5l
HSC_signature,Bud31
HSC_signature,Wdr26
HSC_signature,Abcf1
HSC_signature,Gabpb2
HSC_signature,Kdm3b
HSC_signature,Ascc3
HSC_signature,Cnot4
HSC_signature,Ost4
HSC_signature,Sde2
HSC_signature,Trmt112
HSC_signature,Ctnnal1
HSC_signature,Gcnt1
HSC_signature,Phb
HSC_signature,Zcchc2
HSC_signature,Zfhx3
HSC_signature,Rnf146
HSC_signature,Man2a2
HSC_signature,Rpl12
HSC_signature,Pogz
HSC_signature,Kat7
HSC_signature,Dido1
HSC_signature,Edc3
HSC_signature,Ube2l3
HSC_signature,Rabggtb
HSC_signature,Ppp1r9b
HSC_signature,Rps21
HSC_signature,Cpq
HSC_signature,Timm8b
HSC_signature,Arhgap18
HSC_signature,Adrm1
HSC_signature,Pigk
HSC_signature,Psmd7
HSC_signature,Zzz3
HSC_signature,Rreb1
HSC_signature,6-Mar
HSC_signature,Atp6v1g1
HSC_signature,Prune2
HSC_signature,Cdc123
HSC_signature,Runx2
HSC_signature,Ube2h
HSC_signature,Cmc1
HSC_signature,Akap7
HSC_signature,Adgrl4
HSC_signature,Dap
HSC_signature,Nubp2
HSC_signature,Rbpj
HSC_signature,Adk
HSC_signature,Daglb
HSC_signature,Srrm2
HSC_signature,Arid4b
HSC_signature,Ppp1r10
HSC_signature,Rpl22l1
HSC_signature,Tbce
HSC_signature,Prrc2b
HSC_signature,Azi2
HSC_signature,Tnfsf10
HSC_signature,Rftn1
HSC_signature,Rab3gap2
HSC_signature,Rnf122
HSC_signature,Exosc2
HSC_signature,Picalm
HSC_signature,Sec24c
HSC_signature,Prdm16
HSC_signature,Tmem135
HSC_signature,Snx22
HSC_signature,Morc3
HSC_signature,Micu3
HSC_signature,Nt5dc1
HSC_signature,Ppp2r4
HSC_signature,Zufsp
HSC_signature,Myo9a
HSC_signature,Stub1
HSC_signature,Hnrnpu
HSC_signature,Coro7
HSC_signature,Mrpl12
HSC_signature,Zmynd8
HSC_signature,Lap3
HSC_signature,Ncoa7
HSC_signature,Fnbp1l
HSC_signature,Fbxl5
HSC_signature,Dnttip2
HSC_signature,Ypel5
HSC_signature,Polr2j
HSC_signature,Zfand1
HSC_signature,Zfp800
HSC_signature,Pcif1
HSC_signature,Rere
HSC_signature,Cited2
HSC_signature,Rhbdd2
HSC_signature,Pik3cd
HSC_signature,Plcb4
HSC_signature,Mettl20
HSC_signature,Zfp292
HSC_signature,Rsbn1l
HSC_signature,Fam60a
HSC_signature,Phtf2
HSC_signature,Ankrd13c
HSC_signature,Ifi203
HSC_signature,Ginm1
HSC_signature,Ythdf2
HSC_signature,Elavl1
HSC_signature,Ipo8
HSC_signature,Rbms2
HSC_signature,Orc3
HSC_signature,Ndufb10
HSC_signature,Baz2a
HSC_signature,Plcb2
HSC_signature,Mrps35
HSC_signature,Zmym5
HSC_signature,Pnrc1
HSC_signature,Scamp2
HSC_signature,Emp3
HSC_signature,Prrc2c
HSC_signature,Trappc5
HSC_signature,Fgfr1op2
HSC_signature,Tbc1d10c
HSC_signature,Gbp7
HSC_signature,Mrps28
HSC_signature,Cdk6
HSC_signature,Ddx58
HSC_signature,Suco
HSC_signature,Vprbp
HSC_signature,Nsmce4a
HSC_signature,Ufl1
HSC_signature,Bcor
HSC_signature,Lyrm5
HSC_signature,Pex2
HSC_signature,Aqr
HSC_signature,Ppp1ca
HSC_signature,Akap9
HSC_signature,Dtx3
HSC_signature,Rc3h1
HSC_signature,Pitpnc1
HSC_signature,Zbtb38
HSC_signature,Ppp1r15a
HSC_signature,Spns2
HSC_signature,Sgms1
HSC_signature,Arglu1
HSC_signature,Os9
HSC_signature,Mybbp1a
HSC_signature,Blvrb
HSC_signature,Dgkz
HSC_signature,Bptf
HSC_signature,Xaf1
HSC_signature,Abhd11
HSC_signature,Adam22
HSC_signature,Tex2
HSC_signature,Ckap5
HSC_signature,Otud6b
HSC_signature,Wbscr27
HSC_signature,Cd79b
HSC_signature,Pck2
HSC_signature,Ppip5k2
HSC_signature,Fam208a
HSC_signature,Nup88
HSC_signature,Hmgn1
HSC_signature,Madd
HSC_signature,Limd2
HSC_signature,St8sia4
HSC_signature,Creg1
HSC_signature,Rcsd1
HSC_signature,Eif4h
HSC_signature,Erg
HSC_signature,Ints8
HSC_signature,Rnf167
HSC_signature,Appl1
HSC_signature,Spen
HSC_signature,Oard1
HSC_signature,Cept1
HSC_signature,Rfwd2
HSC_signature,Ttc3
HSC_signature,Dennd6a
HSC_signature,Snrpd2
HSC_signature,Tiprl
HSC_signature,Sft2d2
HSC_signature,Psme4
HSC_signature,Ino80d
HSC_signature,Tmem205
HSC_signature,Tet2
HSC_signature,Rcc2
HSC_signature,Rps19
HSC_signature,Abhd4
HSC_signature,Ghitm
HSC_signature,Fam117b
HSC_signature,Wdr43
HSC_signature,Ostc
HSC_signature,Elmo1
HSC_signature,H2afv
HSC_signature,Smc1a
HSC_signature,Zmiz2
HSC_signature,Elovl6
HSC_signature,Arhgap12
HSC_signature,Phf8
HSC_signature,Vps41
HSC_signature,Uspl1
HSC_signature,Tox
HSC_signature,Ttc1
HSC_signature,Cdk13
HSC_signature,Gtf3c3
HSC_signature,Slc7a1
HSC_signature,Pcf11
HSC_signature,Atg2b
HSC_signature,Rgl2
HSC_signature,Ssr2
HSC_signature,D19Bwg1357e
HSC_signature,Wapl
HSC_signature,Pik3r1
HSC_signature,Hibch
HSC_signature,Cirh1a
HSC_signature,Rpl21
HSC_signature,Tardbp
HSC_signature,ENSMUSG00000041481
HSC_signature,Zfp281
HSC_signature,Ago1
HSC_signature,Gltscr2
HSC_signature,Sepw1
HSC_signature,Mbp
HSC_signature,Mrps27
HSC_signature,Ddx24
HSC_signature,Pcca
HSC_signature,Fcho2
HSC_signature,Cox6a1
HSC_signature,Pi4ka
HSC_signature,Tspo
HSC_signature,Rnf10
HSC_signature,Tpp2
HSC_signature,Ubac2
HSC_signature,Cir1
HSC_signature,Tram2
HSC_signature,Cpsf2
HSC_signature,Poldip3
HSC_signature,Ptpre
HSC_signature,Haus1
HSC_signature,Rpl37
HSC_signature,Smek1
HSC_signature,Tcf20
HSC_signature,Mcm3
HSC_signature,Ankrd13a
HSC_signature,Ipo9
HSC_signature,Ndufa7
HSC_signature,Git2
HSC_signature,Lman1
HSC_signature,Ammecr1l
HSC_signature,Metap1d
HSC_signature,Rnpep
HSC_signature,AW549877
HSC_signature,S100a10
HSC_signature,Znrf3
HSC_signature,Dcaf17
HSC_signature,Tlk1
HSC_signature,Mat2b
HSC_signature,Tbca
HSC_signature,Zfp386
HSC_signature,Hnrnpf
HSC_signature,Inpp5f
HSC_signature,Fam212a
HSC_signature,Ccdc115
HSC_signature,Ppig
HSC_signature,Klhl23
HSC_signature,Nfrkb
HSC_signature,Zfp451
HSC_signature,Chchd7
HSC_signature,Slc35e2
HSC_signature,Kdm5b
HSC_signature,Abhd14a
HSC_signature,Fbxo38
HSC_signature,Ammecr1
HSC_signature,Lyn
HSC_signature,Adrbk2
HSC_signature,Hsd3b7
HSC_signature,S100a13
HSC_signature,Pbrm1
HSC_signature,Gnl3
HSC_signature,Snx18
HSC_signature,Rbm45
HSC_signature,Smim12
HSC_signature,Rbm7
HSC_signature,Atf4
HSC_signature,Agps
HSC_signature,Zmym4
HSC_signature,Dctpp1
HSC_signature,Zfp410
HSC_signature,Usp22
HSC_signature,Dmtf1
HSC_signature,Ubap2l
HSC_signature,Shfm1
HSC_signature,Sin3a
HSC_signature,Ube2q1
HSC_signature,Ipo11
HSC_signature,Kdm7a
HSC_signature,Atxn2
HSC_signature,Pbxip1
HSC_signature,Safb2
HSC_signature,Shc1
HSC_signature,Alkbh5
HSC_signature,Immp1l
HSC_signature,Ypel3
HSC_signature,Selk
HSC_signature,Dhx9
HSC_signature,Sipa1l1
HSC_signature,Commd10
HSC_signature,Wbp5
HSC_signature,Naa25
HSC_signature,Trafd1
HSC_signature,Wdr74
HSC_signature,Dpm3
HSC_signature,Gm15800
HSC_signature,Krtcap2
HSC_signature,Smg7
HSC_signature,Rnf214
HSC_signature,Alkbh6
HSC_signature,Gng2
HSC_signature,Klhl6
HSC_signature,Tuba1c
HSC_signature,Mob1a
HSC_signature,Ppp2r3a
HSC_signature,Upf2
HSC_signature,Trim56
HSC_signature,Tmem11
HSC_signature,Gprasp1
HSC_signature,Usp48
HSC_signature,Gimap5
HSC_signature,Hscb
HSC_signature,Setx
HSC_signature,Dpy19l3
HSC_signature,Rpl7
HSC_signature,Ptpn11
HSC_signature,Taf10
HSC_signature,Trp53bp1
HSC_signature,Klhl15
HSC_signature,Wdfy3
HSC_signature,Thrap3
HSC_signature,Orai3
HSC_signature,Pura
HSC_signature,Mgat2
HSC_signature,Mrpl50
HSC_signature,Cep68
HSC_signature,S100a1
HSC_signature,Arf6
HSC_signature,Lsm8
HSC_signature,Tnip3
HSC_signature,Osbpl1a
HSC_signature,Ctla2a
HSC_signature,Ubr3
HSC_signature,Sptssa
HSC_signature,Ascc1
HSC_signature,Rps2
HSC_signature,Acp1
HSC_signature,Smim7
HSC_signature,Swi5
HSC_signature,Tmem201
HSC_signature,Gemin7
HSC_signature,Serpinb1a
HSC_signature,Trmt10c
HSC_signature,A730008H23Rik
HSC_signature,Zfp36
HSC_signature,Setd2
HSC_signature,Isca1
HSC_signature,Uqcrq
HSC_signature,Zfp367
HSC_signature,Prkce
HSC_signature,Rnf216
HSC_signature,Suv420h1
HSC_signature,Saysd1
HSC_signature,Rpl18a
HSC_signature,AI467606
HSC_signature,Cirbp
HSC_signature,Vcpip1
HSC_signature,Insig1
HSC_signature,Tnfrsf26
HSC_signature,Cxcr4
HSC_signature,Trim39
HSC_signature,Akr1e1
HSC_signature,2410002F23Rik
HSC_signature,Hnrnph2
HSC_signature,Tmem60
HSC_signature,Cox19
HSC_signature,Trrap
HSC_signature,Zfp560
HSC_signature,Glb1
HSC_signature,Esf1
HSC_signature,Pqlc3
HSC_signature,Zfp36l2
HSC_signature,Ptprcap
HSC_signature,Lyrm2
HSC_signature,Paip2b
HSC_signature,Mrps12
HSC_signature,Sdpr
HSC_signature,Wnk1
HSC_signature,Ing1
HSC_signature,Slc25a51
HSC_signature,Eif4g1
HSC_signature,Polr2k
HSC_signature,BC030336
HSC_signature,Cep295
HSC_signature,Scaf8
HSC_signature,Vps13a
HSC_signature,Zfp62
HSC_signature,Rpl37a
HSC_signature,Zfp322a
HSC_signature,Rpl27a
HSC_signature,Rbp1
HSC_signature,Yod1
HSC_signature,Ngfrap1
HSC_signature,Hnrnpa1
HSC_signature,Cox17
HSC_signature,Golph3l
HSC_signature,Lyrm4
HSC_signature,Cxxc5
HSC_signature,Mtfr1l
HSC_signature,Tifa
HSC_signature,Csnk2a2
HSC_signature,Hmga1
HSC_signature,Cdc42se1
HSC_signature,Ccdc66
HSC_signature,Mrps7
HSC_signature,Atp10d
HSC_signature,Brox
HSC_signature,Fbl
HSC_signature,Atxn1
HSC_signature,Irgm1
HSC_signature,Myct1
HSC_signature,Zbtb21
HSC_signature,Tshz1
HSC_signature,Tmem164
HSC_signature,Cltc
HSC_signature,Cd24a
HSC_signature,Zfp654
HSC_signature,Tet1
HSC_signature,Rab2a
HSC_signature,Ythdf3
HSC_signature,Rpl9
HSC_signature,Ptgs1
HSC_signature,Tgif1
HSC_signature,Zbtb44
HSC_signature,Arl4a
HSC_signature,Dynlrb1
HSC_signature,Tspyl1
HSC_signature,Cltb
HSC_signature,Lxn
HSC_signature,Rps8
HSC_signature,Yipf6
HSC_signature,Bola2
HSC_signature,Wbp1l
HSC_signature,Samd9l
HSC_signature,Slc38a9
HSC_signature,Akap10
HSC_signature,Bex4
HSC_signature,Lonp2
HSC_signature,Gimap6
HSC_signature,Usp14
HSC_signature,Tnrc6b
HSC_signature,Gigyf2
HSC_signature,Isg20l2
HSC_signature,Arf1
HSC_signature,Rbm15
HSC_signature,Arid4a
HSC_signature,Nwd1
HSC_signature,Kmt2d
HSC_signature,Selplg
HSC_signature,Mcmbp
HSC_signature,Mfap1b
HSC_signature,Crebrf
HSC_signature,Rbm33
HSC_signature,Syngr2
HSC_signature,Ankrd46
HSC_signature,Pdp2
HSC_signature,F2r
HSC_signature,Socs4
HSC_signature,Smim5
HSC_signature,Nrip1
HSC_signature,Tob2
HSC_signature,Mlec
HSC_signature,Rhno1
HSC_signature,Ccdc6
HSC_signature,Foxo3
HSC_signature,Rpl29
HSC_signature,Phf3
HSC_signature,Bmyc
HSC_signature,Zfp518a
HSC_signature,Trappc1
HSC_signature,Setd8
HSC_signature,Dcaf7
HSC_signature,Zfp260
HSC_signature,Aff4
HSC_signature,Dtx3l
HSC_signature,Spty2d1
HSC_signature,Rps23
HSC_signature,Clip1
HSC_signature,Ccdc69
HSC_signature,Zfp644
HSC_signature,Bdp1
HSC_signature,Aftph
HSC_signature,Arhgap15
HSC_signature,Rpl36al
HSC_signature,Tmsb4x
HSC_signature,Sertad2
HSC_signature,Slc35c1
HSC_signature,Mrps16
HSC_signature,Plekhf2
HSC_signature,Idnk
HSC_signature,Pitpnb
HSC_signature,Tmx2
HSC_signature,Bex1
HSC_signature,Gpr171
HSC_signature,Rspry1
HSC_signature,Ubqln2
HSC_signature,Lsm10
HSC_signature,Lgr4
HSC_signature,Pigm
HSC_signature,Rictor
HSC_signature,6-Sep
HSC_signature,Fbxo46
HSC_signature,Lamtor4
HSC_signature,Tor1aip2
HSC_signature,Minos1
HSC_signature,Zscan29
HSC_signature,Gpatch11
HSC_signature,Ftl1
HSC_signature,Plekho2
HSC_signature,Vamp8
HSC_signature,AI314180
HSC_signature,Atp5k
HSC_signature,Tmem123
HSC_signature,Pddc1
HSC_signature,Gimap9
HSC_signature,Commd3
HSC_signature,Bzw1
HSC_signature,Rnf7
HSC_signature,Jagn1
HSC_signature,Pcmtd1
HSC_signature,Usp42
HSC_signature,Taf7
HSC_signature,Nup160
HSC_signature,Commd1
HSC_signature,Ywhag
HSC_signature,Hspa14
HSC_signature,Crebzf
HSC_signature,Spn
HSC_signature,Zfp191
HSC_signature,Cbr1
HSC_signature,Irf2bp2
HSC_signature,Wdfy4
HSC_signature,Mafg
HSC_signature,Tceal8
HSC_signature,Hist1h1e
HSC_signature,Coa6
HSC_signature,Pcbp1
HSC_signature,Mettl5
HSC_signature,Cox6b2
HSC_signature,Arf3
HSC_signature,Smim11
HSC_signature,Tagap1
HSC_signature,Klf13
HSC_signature,Zfp217
HSC_signature,Pard3b
HSC_signature,Rbm12b2
HSC_signature,Bre
HSC_signature,Rasal3
HSC_signature,Ppp4r2
HSC_signature,Rps10
HSC_signature,Ppp6r1
HSC_signature,Cdc42se2
HSC_signature,Ltn1
HSC_signature,Slc39a1
HSC_signature,Immt
HSC_signature,Tmem106c
HSC_signature,Nrros
HSC_signature,Ezr
HSC_signature,Rexo4
HSC_signature,Tmco1
HSC_signature,Atp6v1a
HSC_signature,Cherp
HSC_signature,Nav2
HSC_signature,Pbx1
HSC_signature,Cpne8
HSC_signature,Adam17
HSC_signature,Zmat1
HSC_signature,Rap1b
HSC_signature,Jun
HSC_signature,Tnrc6a
HSC_signature,BC004004
HSC_signature,Zfp608
HSC_signature,Suclg1
HSC_signature,Swt1
HSC_signature,Repin1
HSC_signature,Traf7
HSC_signature,Sae1
HSC_signature,Junb
HSC_signature,Ubxn8
HSC_signature,Cyp2j6
HSC_signature,Msl1
HSC_signature,Senp7
HSC_signature,Rnaseh2a
HSC_signature,Mrpl35
HSC_signature,Uba2
HSC_signature,Krcc1
HSC_signature,Tmem248
HSC_signature,Chmp3
HSC_signature,Aldh1a1
HSC_signature,Trmt1l
HSC_signature,Ddx10
HSC_signature,Pom121
HSC_signature,Nrgn
HSC_signature,Sec61b
HSC_signature,Gas5
HSC_signature,Phgdh
HSC_signature,Mapk14
HSC_signature,Thoc7
HSC_signature,Ggcx
HSC_signature,Tcf4
HSC_signature,Nrd1
HSC_signature,Cstf2t
HSC_signature,Ier2
HSC_signature,Eif3k
HSC_signature,Dennd4a
HSC_signature,Aldh7a1
HSC_signature,Chd8
HSC_signature,Chchd3
HSC_signature,Ubxn7
HSC_signature,Exoc6
HSC_signature,Camk2d
HSC_signature,H2-T24
HSC_signature,Nudcd3
HSC_signature,Txlna
HSC_signature,Srcap
HSC_signature,Ech1
HSC_signature,Mat2a
HSC_signature,Iigp1
HSC_signature,Utp18
HSC_signature,1810037I17Rik
HSC_signature,Tprkb
HSC_signature,Prr14l
HSC_signature,Eapp
HSC_signature,Cpsf3
HSC_signature,Mrps21
HSC_signature,Kcnn4
HSC_signature,Mdm4
HSC_signature,Cklf
HSC_signature,Dnajc8
HSC_signature,Spcs3
HSC_signature,Slc30a7
HSC_signature,A930005H10Rik
HSC_signature,Atpif1
HSC_signature,Aes
HSC_signature,Trim65
HSC_signature,Cggbp1
HSC_signature,Kdm2a
HSC_signature,Mettl7a1
HSC_signature,Adam10
HSC_signature,Hmgb2
HSC_signature,Msra
HSC_signature,Set
HSC_signature,Actn4
HSC_signature,Whsc1l1
HSC_signature,Ep300
HSC_signature,Pdlim1
HSC_signature,Nfic
HSC_signature,Ddx17
HSC_signature,Smyd3
HSC_signature,Ankrd17
HSC_signature,Kcmf1
HSC_signature,Tmem245
HSC_signature,Mrfap1
HSC_signature,Sec23ip
HSC_signature,Tns1
HSC_signature,Srsf11
HSC_signature,Cd47
HSC_signature,Cpsf6
HSC_signature,Lair1
HSC_signature,Kxd1
HSC_signature,Cdca7
HSC_signature,Dach1
HSC_signature,Zzef1
HSC_signature,Cope
HSC_signature,Ubl7
HSC_signature,Eef1d
HSC_signature,Tceb2
HSC_signature,Rnf181
HSC_signature,Zfp277
HSC_signature,Aasdh
HSC_signature,Fto
HSC_signature,Emc7
HSC_signature,Clca3a1
HSC_signature,Eif3b
HSC_signature,H2-T22
HSC_signature,B4galt6
HSC_signature,Trim34a
HSC_signature,Cnot10
HSC_signature,Pgpep1
HSC_signature,R3hdm1
HSC_signature,Pla2g4a
HSC_signature,Ncoa4
HSC_signature,Lrif1
HSC_signature,Cep70
HSC_signature,Dennd1b
HSC_signature,Usp34
HSC_signature,AI987944
HSC_signature,Lig1
HSC_signature,Tgoln1
HSC_signature,Med12l
HSC_signature,Rab31
HSC_signature,Ptafr
HSC_signature,Pign
HSC_signature,Rlim
HSC_signature,Tug1
HSC_signature,Fry
HSC_signature,Chd9
HSC_signature,Fkbp2
HSC_signature,Kdm5d
HSC_signature,Capg
HSC_signature,Cspp1
HSC_signature,Setd3
HSC_signature,Tsnax
HSC_signature,Pcbp2
HSC_signature,Glipr1
HSC_signature,Commd7
HSC_signature,Jmjd6
HSC_signature,Ide
HSC_signature,Cntrl
HSC_signature,Npm1
HSC_signature,Txnl4a
HSC_signature,Rpgrip1
HSC_signature,Chd6
HSC_signature,Ado
HSC_signature,Tmem140
HSC_signature,Trim12c
HSC_signature,Dph6
HSC_signature,Slc44a2
HSC_signature,Rbbp4
HSC_signature,Snrpg
HSC_signature,Rpl38
HSC_signature,Bcl2
HSC_signature,Birc2
HSC_signature,Mrpl18
HSC_signature,Whsc1
HSC_signature,Fam173a
HSC_signature,Las1l
HSC_signature,Mpp7
HSC_signature,Fam136a
HSC_signature,Bloc1s2
HSC_signature,Spop
HSC_signature,Ece1
HSC_signature,Dtnbp1
HSC_signature,Pus7
HSC_signature,Lgals8
HSC_signature,Eif1a
HSC_signature,Zbtb8os
HSC_signature,Trim30d
HSC_signature,Gapdh
HSC_signature,Zfp746
HSC_signature,Prtn3
HSC_signature,Sptan1
HSC_signature,Rpl32
HSC_signature,Rpl36
HSC_signature,Zfp329
HSC_signature,Unc13d
HSC_signature,Mdn1
HSC_signature,11-Sep
HSC_signature,Sdhc
HSC_signature,Gstm1
HSC_signature,Cryzl1
HSC_signature,Idi1
HSC_signature,Mrps14
HSC_signature,Zfp68
HSC_signature,Upf1
HSC_signature,Phf21a
HSC_signature,Dock1
HSC_signature,Smim4
HSC_signature,Abce1
HSC_signature,Rrp1b
HSC_signature,Txndc9
HSC_signature,Znrf2
HSC_signature,Fam133b
HSC_signature,Rpl23a
HSC_signature,Rpl5
HSC_signature,Tmod3
HSC_signature,Rpl30
HSC_signature,Gda
HSC_signature,Zfp110
HSC_signature,Eif4b
HSC_signature,Memo1
HSC_signature,Fcer1g
HSC_signature,Thra
HSC_signature,Rnf169
HSC_signature,Nfe2
HSC_signature,Nap1l1
HSC_signature,Abi1
HSC_signature,Hnrnpa3
HSC_signature,Rpl18
HSC_signature,Nap1l4
HSC_signature,Zfp945
HSC_signature,Mfsd4
HSC_signature,Skap2
HSC_signature,Hnrnpm
HSC_signature,Usp47
HSC_signature,Naa38
HSC_signature,Rpl11
HSC_signature,Vps28
HSC_signature,Slc14a1
HSC_signature,Wdr83os
HSC_signature,Hadhb
HSC_signature,Ptk2b
HSC_signature,Mbtd1
HSC_signature,Kbtbd2
HSC_signature,Arhgef12
HSC_signature,Znhit1
HSC_signature,Uqcr10
HSC_signature,Trp53
HSC_signature,Nsmce2
HSC_signature,Calcrl
HSC_signature,Taf1b
HSC_signature,Zfp637
HSC_signature,Flot1
HSC_signature,Ndufs8
HSC_signature,Fdps
HSC_signature,Nrm
HSC_signature,Eif4a1
HSC_signature,AU019823
HSC_signature,Zfp874b
HSC_signature,Zfp422
HSC_signature,Irak4
HSC_signature,Ube4a
HSC_signature,Ptp4a3
HSC_signature,Tmem40
HSC_signature,Grb2
HSC_signature,Hspa2
HSC_signature,H2afj
HSC_signature,Rpl3
HSC_signature,Alox5ap
HSC_signature,Psma3
HSC_signature,Gemin2
HSC_signature,Tpt1
HSC_signature,Serpinb6a
HSC_signature,Gtf2i
HSC_signature,Ppih
HSC_signature,Hnrnpc
HSC_signature,Rnf14
HSC_signature,Wtap
HSC_signature,Zfp266
HSC_signature,H2-Q7
HSC_signature,H2-Eb1
HSC_signature,Ifitm2
HSC_signature,Rpl35a
HSC_signature,Marf1
HSC_signature,Pla2g16
HSC_signature,Mrps9
HSC_signature,Nsa2
HSC_signature,H3f3a
HSC_signature,Gmfg
HSC_signature,B2m
HSC_signature,Gstp1
HSC_signature,Arl1
HSC_signature,Tmem263
HSC_signature,Rpl26
HSC_signature,Copz1
HSC_signature,Rrp1
HSC_signature,ENSMUSG00000061062
HSC_signature,Fam195b
HSC_signature,Prcp
HSC_signature,Prpf40a
HSC_signature,H2-K1
HSC_signature,Exoc5
HSC_signature,Mmgt1
HSC_signature,Exosc5
HSC_signature,Taok3
HSC_signature,Ddhd2
HSC_signature,Naca
HSC_signature,Phf5a
HSC_signature,Stx17
HSC_signature,Smim20
HSC_signature,Mrps36
HSC_signature,Rps7
HSC_signature,Snrpa
HSC_signature,Hist1h4d
HSC_signature,Cox5b
HSC_signature,Wdr61
HSC_signature,Dot1l
HSC_signature,U2af1
HSC_signature,Dlgap4
HSC_signature,Bod1l
HSC_signature,Akr1b10
HSC_signature,Rps17
HSC_signature,Suclg2
HSC_signature,Ssbp3
HSC_signature,Slc25a3
HSC_signature,Rps12
HSC_signature,Rpl34
HSC_signature,Gmfb
HSC_signature,Pgk1
HSC_signature,Qk
HSC_signature,Rai1
HSC_signature,Cnih4
HSC_signature,Gspt1
HSC_signature,Tnfaip8
HSC_signature,Rapgef2
HSC_signature,Cks2
HSC_signature,Morf4l1
HSC_signature,Rpl17
HSC_signature,Zfp706
HSC_signature,Acat3
HSC_signature,Timm17a
HSC_signature,Srpk2
HSC_signature,Mysm1
HSC_signature,Ganc
HSC_signature,Rpl7a
HSC_signature,Atp5g2
HSC_signature,Cebpzos
HSC_signature,Ppox
HSC_signature,l7Rn6
HSC_signature,4833420G17Rik
HSC_signature,Actg1
HSC_signature,Phactr2
HSC_signature,Impdh2
HSC_signature,Klhl24
HSC_signature,Acadm
HSC_signature,Cfl2
HSC_signature,Mtap
HSC_signature,Stat4
HSC_signature,9130023H24Rik
HSC_signature,Ufc1
HSC_signature,Mrpl42
HSC_signature,Ica1
HSC_signature,Rpl35
HSC_signature,Ccni
HSC_signature,Mapk3
HSC_signature,Kif1b
HSC_signature,Zfp26
HSC_signature,Hspb11
HSC_signature,Nol7
HSC_signature,Ldha
HSC_signature,1110038F14Rik
HSC_signature,Scoc
HSC_signature,Naa15
HSC_signature,Rpl27
HSC_signature,Krr1
HSC_signature,Mapk1
HSC_signature,Alg11
HSC_signature,Tmed5
HSC_signature,Stk24
HSC_signature,B9d2
HSC_signature,Rps15
HSC_signature,Nhp2l1
HSC_signature,Snrnp70
HSC_signature,Eno1
HSC_signature,Cycs
HSC_signature,Utp14a
HSC_signature,Chchd1
HSC_signature,Prpf38a
HSC_signature,Hspbp1
HSC_signature,Ppcdc
HSC_signature,Gpx1
HSC_signature,Chd4
HSC_signature,Uqcrh
HSC_signature,Ptcd3
HSC_signature,Rpl7l1
HSC_signature,Klk8
HSC_signature,Gpn1
HSC_signature,Dzip3
HSC_signature,Mtx1
HSC_signature,Med14
HSC_signature,Fam172a
HSC_signature,Arih2
HSC_signature,Ano6
HSC_signature,Ifi27
HSC_signature,Ethe1
HSC_signature,Gimap8
HSC_signature,Tank
HSC_signature,Clasp1
HSC_signature,Siva1
HSC_signature,ND1
HSC_signature,ND2
HSC_signature,COX1
HSC_signature,COX2
HSC_signature,ATP6
HSC_signature,COX3
HSC_signature,ND4
HSC_signature,ND5
HSC_signature,ND6
HSC_signature,CYTB
HSC_signature,Sepp1
HSC_signature,Rn7sk
HSC_signature,Tacc1
HSC_signature,Aurkaip1
HSC_signature,Ubr4
HSC_signature,Hnrnpr
HSC_signature,Phactr4
HSC_signature,Prpf4
HSC_signature,Cdc26
HSC_signature,Fkbp15
HSC_signature,Ipo7
HSC_signature,Trim12a
HSC_signature,Numa1
HSC_signature,Impad1
HSC_signature,Wdr6
HSC_signature,Akap13
HSC_signature,Mthfs
HSC_signature,Hmgn3
HSC_signature,Hmgb1
HSC_signature,Lsm14a
HSC_signature,4931406P16Rik
HSC_signature,Zfp932
HSC_signature,Rnasel
HSC_signature,Nck2
HSC_signature,Bub3
HSC_signature,Polr1c
HSC_signature,Eif1ax
HSC_signature,H2-T23
HSC_signature,Rplp0
HSC_signature,Rps28
HSC_signature,Bmpr2
HSC_signature,Tmem128
HSC_signature,Lyar
HSC_signature,Trmt2b
HSC_signature,Prkag1
HSC_signature,BC003965
HSC_signature,Romo1
HSC_signature,Arfgef1
HSC_signature,Htatsf1
HSC_signature,Gm13139
HSC_signature,Zfp760
HSC_signature,Zfp948
HSC_signature,Tcp1
HSC_signature,Tm9sf4
HSC_signature,Zfp120
HSC_signature,Ndufaf2
HSC_signature,Ddrgk1
HSC_signature,Aup1
HSC_signature,Htra2
HSC_signature,Chrac1
HSC_signature,Uty
HSC_signature,Mfap1a
HSC_signature,Gng5
HSC_signature,Tmem167b
HSC_signature,Sars
HSC_signature,Sort1
HSC_signature,Psma5
HSC_signature,Rap1a
HSC_signature,Csde1
HSC_signature,Sf3b4
HSC_signature,Selenbp1
HSC_signature,Ssb
HSC_signature,Clk2
HSC_signature,Dap3
HSC_signature,Syt11
HSC_signature,Ddx3y
HSC_signature,Eif2s3y
HSC_signature,Cdk7
HSC_signature,Fgfr1op
HSC_signature,Lyz2
HSC_signature,Dazap1
HSC_signature,Marcks
HSC_signature,Arid1b
HSC_signature,Zfp820
HSC_signature,Psmb3
HSC_signature,Msi2
HSC_signature,Irgm2
HSC_signature,Sp140
HSC_signature,Sp110
HSC_signature,Eif3g
HSC_signature,Rnf213
HSC_signature,Ccnd1
HSC_signature,Capza1
HSC_signature,Tmem256
HSC_signature,Chchd2
HSC_signature,Peg12
HSC_signature,Top1
HSC_signature,Mn1
HSC_signature,Gm13251
HSC_signature,Runx3
HSC_signature,Utp3
HSC_signature,Fryl
HSC_signature,Gm12942
HSC_signature,Klhl9
HSC_signature,Rabepk
HSC_signature,Ndufb6
HSC_signature,Safb
HSC_signature,Treml2
HSC_signature,Ptges3
HSC_signature,Jund
HSC_signature,Srsf3
HSC_signature,Smim15
HSC_signature,Naip5
HSC_signature,Zfp942
HSC_signature,Tia1
HSC_signature,Tbpl1
HSC_signature,Rpl23
HSC_signature,Psmg4
HSC_signature,Usmg5
HSC_signature,Pcnp
HSC_signature,Eef1g
HSC_signature,Mta2
HSC_signature,Ganab
HSC_signature,Uqcc3
HSC_signature,Ubxn1
HSC_signature,Bscl2
HSC_signature,Ttc9c
HSC_signature,Polr2g
HSC_signature,Sms
HSC_signature,Ccdc112
HSC_signature,Ppia
HSC_signature,Phf20l1
HSC_signature,Fam84b
HSC_signature,Ptrh2
HSC_signature,Lyrm9
HSC_signature,Smim10l1
HSC_signature,Grcc10
HSC_signature,Bhlhb9
HSC_signature,Vamp5
HSC_signature,Vma21
HSC_signature,1810058I24Rik
HSC_signature,Bnip3l-ps
HSC_signature,H2-Q8
HSC_signature,H2-D1
HSC_signature,Lst1
HSC_signature,H2-Ab1
HSC_signature,Zfp414
HSC_signature,Sft2d1
HSC_signature,Gm4951
HSC_signature,Myeov2
HSC_signature,Rab18
HSC_signature,Wdfy1
HSC_signature,Nbeal1
HSC_signature,Hspe1
HSC_signature,Faap20
HSC_signature,Rpl31
HSC_signature,Lmbrd1
HSC_signature,Tufm
HSC_signature,Il11ra1
HSC_signature,Rhog
HSC_signature,Exoc8
HSC_signature,Snrnp40
HSC_signature,Rpl13a
HSC_signature,Nlrc5
HSC_signature,Dnajb14
HSC_signature,Spint2
HSC_signature,Peak1
HSC_signature,Gm15441
HSC_signature,Eif2s2
HSC_signature,Csnk2a1
HSC_signature,Zfp950
HSC_signature,Pdzd8
HSC_signature,Atxn7l3b
HSC_signature,Kiz
HSC_signature,Ube2n
HSC_signature,Plxnc1
HSC_signature,Itpa
HSC_signature,Gas2l3
HSC_signature,Itpripl1
HSC_signature,2010315B03Rik
HSC_signature,Ctla2b
HSC_signature,Serf2
HSC_signature,Qser1
HSC_signature,AW112010
HSC_signature,Amd1
HSC_signature,Heg1
HSC_signature,Wipf1
HSC_signature,Rc3h2
HSC_signature,Fnbp1
HSC_signature,Smim6
HSC_signature,Commd6
HSC_signature,Zfp652
HSC_signature,Ly6a
HSC_signature,Selt
HSC_signature,Vimp
HSC_signature,Selm
HSC_signature,Gpx4
HSC_signature,Sox4
HSC_signature,Ywhaq
HSC_signature,Rab11b
HSC_signature,Sf3b5
HSC_signature,Sarnp
HSC_signature,Ctdsp2
HSC_signature,Smim24
HSC_signature,Abracl
HSC_signature,Gm13157
HSC_signature,Gm13212
HSC_signature,Ddi2
HSC_signature,Emc1
HSC_signature,Bnip3
HSC_signature,Ube2d3
HSC_signature,Gm4070
HSC_signature,Smarcd2
HSC_signature,Ccdc47
HSC_signature,Psme3
HSC_signature,Chd2
HSC_signature,Tm2d3
HSC_signature,Tomm5
HSC_signature,Eif5a
HSC_signature,Igtp
HSC_signature,Dpm1
HSC_signature,Ifi47
HSC_signature,Tgtp2
HSC_signature,Tgtp1
HSC_signature,Ube2v1
HSC_signature,Taf9
HSC_signature,Sec61g
HSC_signature,Alkbh1
HSC_signature,BC005561
HSC_signature,Prps1l3
HSC_signature,Pms2
HSC_signature,Kdelr2
HSC_signature,A130010J15Rik
HSC_signature,Mphosph8
HSC_signature,Psme2
HSC_signature,Rab9
HSC_signature,Arpc4
HSC_signature,Mthfsl
HSC_signature,Rpl36a
HSC_signature,Pigb
HSC_signature,Rab7
HSC_signature,Sssca1
HSC_signature,Pin4
HSC_signature,Apoo
HSC_signature,Zfx
HSC_signature,H2-DMb1
HSC_signature,Haus3
HSC_signature,Maea
HSC_signature,Pglyrp2
HSC_signature,Seh1l
HSC_signature,Rpl39
HSC_signature,Tceb1
HSC_signature,Brms1
HSC_signature,Slc48a1
HSC_signature,Ubl5
HSC_signature,Bbip1
HSC_signature,Gm11974
HSC_signature,Snhg3
HSC_signature,Foxd2os
HSC_signature,Snhg12
HSC_signature,Snhg20
HSC_signature,AI662270
HSC_signature,Lamtor5
HSC_signature,Tmem170b
HSC_signature,Pet100
HSC_signature,Cbx6
HSC_signature,Slc5a3
HSC_signature,Timm10b
HSC_signature,Hiat1
HSC_signature,Uckl1
HSC_signature,Ier3ip1
HSC_signature,Gm15446
HSC_signature,Gimap1
HSC_signature,Shprh
HSC_signature,Uba52
HSC_signature,Bloc1s1
HSC_signature,Churc1
HSC_signature,Mettl23
HSC_signature,Mndal
HSC_signature,Mir99ahg
HSC_signature,Gypc
HSC_signature,Snrpe
HSC_signature,Rps27
HSC_signature,Myl6
HSC_signature,Rps13
HSC_signature,Pabpc4l
HSC_signature,Synj2bp
HSC_signature,Eid1
HSC_signature,Lamtor3
HSC_signature,Tma7
HSC_signature,Lsm5
HSC_signature,Cox16
HSC_signature,Ube2d2a
HSC_signature,Gm17257
HSC_signature,Bend4
HSC_signature,Malat1
HSC_signature,Zfp141
HSC_signature,Scnm1
HSC_signature,Rpl41
HSC_signature,Tomm20
HSC_signature,Hmgcs1
HSC_signature,Purb
HSC_signature,Rnaset2b
HSC_signature,Zfp131
HSC_signature,Noc2l
HSC_signature,Dynlt1f
HSC_signature,Rnaset2a
HSC_signature,Vkorc1
HSC_signature,H1f0
HSC_signature,Cdkn2d
HSC_signature,Psmb9
HSC_signature,Erdr1
HSC_signature,Snhg7
MK,Pf4
MK,Vwf
MK,Itga2b
Ery,Mki67
Ery,Gata1
Ery,Car2
Ery,Hbb-bs
Ery,Hba-a2
Ery,Car1
Ery,Apoe
Ery,Gata2
Gr,Ifitm1
Gr,Mpo
Gr,Elane
Gr,Cebpe
Gr,Prss34
Gr,Prg2
Gr,Gstm1
Gr,Fcnb
Gr,Ltf
Gr,Gfi1
Gr,Mmp8
Gr,Itgam
Gr,Il1b
Gr,Ccl7
Ly,Dntt
Ly,Satb1
Ly,Flt3
Ly,Ly6d
Ly,Rag1
Ly,Ebf1
Ly,Cd79a
Ly,Gata3
Ly,Pax5
Ly,Vpreb1
Ly,Vpreb2
Ly,Vpreb3
Ly,Igll1
Ly,Fcrla
Ly,Ccl5
Ly,Ncr1
Ly,Cd3d
Quiescence,lgf2bp2
Quiescence,Ahnak
Quiescence,Mpo
Quiescence,Plac8
Quiescence,Fam101b
Quiescence,Ablim1
Quiescence,Milr1
Quiescence,Meg3
Quiescence,Ms4a6c
Quiescence,Cd53
Quiescence,Cd7
Quiescence,Hp
Quiescence,Tyrobp
Quiescence,Raph1
Quiescence,Depdc1a
Quiescence,Glcci1
Quiescence,F13a1
Quiescence,A930006K02Rik
Quiescence,A330023F24Rik
Quiescence,Sorl1
Quiescence,lrf8
Quiescence,Xdh
Quiescence,Anxa2
Quiescence,Ccr2
Quiescence,Card9
Quiescence,Flrt1
Quiescence,Hdc
Quiescence,Mmp9
Quiescence,Camp
Quiescence,Hbb-bt
Quiescence,Nucb2
Quiescence,Elane
Quiescence,Amica1
Quiescence,Kcnh7
Quiescence,lfitm6
Quiescence,Cfp
Quiescence,Hvcn1
Quiescence,Smarca5-ps
Quiescence,Ccl5
Quiescence,Cd52
Quiescence,Siglech
Quiescence,Lgals3
Quiescence,Rassf4
Quiescence,Ccr1
Quiescence,Ncf1
Quiescence,lgf1
Quiescence,Cd2
Quiescence,Lrp4
Quiescence,Dbf4
Quiescence,Klrd1
Quiescence,Lrrc18
Quiescence,Ap1s2
Quiescence,Fndc3b
Quiescence,Ppfia4
Quiescence,E2f2
Quiescence,Col1a1
Quiescence,Ctss
Quiescence,Add2
Quiescence,Tifab
Quiescence,Rnf39
Quiescence,Cd79a
Quiescence,Cybb
Quiescence,Mcemp1
Quiescence,Pld4
Quiescence,Sparc
Quiescence,Atp1b1
Quiescence,Wfdc17
Quiescence,Hba-a2
Quiescence,Vpreb3
Quiescence,Lonrf2
Quiescence,Pid1
Quiescence,Ms4a3
Quiescence,Hbb-bs
Quiescence,Lmna
Quiescence,Kcnd3
Quiescence,Cd209a
Quiescence,Yap1
Quiescence,Ccl6
Quiescence,Itga9
Quiescence,Csf2rb2
Quiescence,Fam196a
Quiescence,Lrrc23
Quiescence,Ect2
Quiescence,F630028O10Rik
Quiescence,Dse
Quiescence,Nova1
Quiescence,Pik3r6
Quiescence,B3galt2
Quiescence,Bmp8a
Quiescence,lrak2
Quiescence,Klhl35
Quiescence,Wfdc21
Quiescence,Sell
Quiescence,Tulp1
Quiescence,Klra13-ps
Quiescence,Camk2n1
Quiescence,Adam8
Quiescence,Fcrla
Quiescence,AI607873
Quiescence,Cebpe
Quiescence,Zfp82
Quiescence,Sema3e
Quiescence,Arc
Quiescence,Slc4a1
Quiescence,Ank1
Quiescence,Ctsg
Quiescence,Fabp4
Quiescence,Mb21d2
Quiescence,Upb1
Quiescence,BC035044
Quiescence,Sh2d2a
Quiescence,Evi2a
Quiescence,Plvap
Quiescence,Ms4a4b
Quiescence,Sfrp2
Quiescence,Atp8b4
S_phase,Ung
S_phase,Usp1
S_phase,Dscc1
S_phase,Cdca7
S_phase,Mcm6
S_phase,Pold3
S_phase,Pcna
S_phase,Ubr7
S_phase,Pola1
S_phase,Atad2
S_phase,Wdr76
S_phase,Dtl
S_phase,Hells
S_phase,Gins2
S_phase,Fen1
S_phase,Rrm2
S_phase,Uhrf1
S_phase,E2f8
S_phase,Rpa2
S_phase,Mcm5
S_phase,Blm
S_phase,Brip1
S_phase,Tipin
S_phase,Rad51ap1
S_phase,Msh2
S_phase,Rfc2
S_phase,Rrm1
S_phase,Clspn
S_phase,Exo1
S_phase,Cdc6
S_phase,Rad51
S_phase,Casp8ap2
S_phase,Nasp
S_phase,Mcm2
S_phase,Gmnn
S_phase,Ccne2
S_phase,Cdc45
S_phase,Chaf1b
S_phase,Prim1
S_phase,Tyms
S_phase,Slbp
S_phase,Mcm4
S_phase,Pcna-ps2
G2M_phase,Nuf2
G2M_phase,Cks1b
G2M_phase,Cdc20
G2M_phase,Gas2l3
G2M_phase,Ect2
G2M_phase,Ctcf
G2M_phase,Nusap1
G2M_phase,Kif20b
G2M_phase,Cdca2
G2M_phase,Ckap2
G2M_phase,Tubb4b
G2M_phase,Lbr
G2M_phase,Cenpa
G2M_phase,Kif2c
G2M_phase,Hmgb2
G2M_phase,Tmpo
G2M_phase,Kif23
G2M_phase,Cbx5
G2M_phase,Ckap5
G2M_phase,Nek2
G2M_phase,Cdk1
G2M_phase,Smc4
G2M_phase,Tpx2
G2M_phase,Dlgap5
G2M_phase,Anln
G2M_phase,Mki67
G2M_phase,G2e3
G2M_phase,Tacc3
G2M_phase,Cenpf
G2M_phase,Birc5
G2M_phase,Top2a
G2M_phase,Cdca8
G2M_phase,Ncapd2
G2M_phase,Anp32e
G2M_phase,Hmmr
G2M_phase,Hjurp
G2M_phase,Ckap2l
G2M_phase,Aurkb
G2M_phase,Cks2
G2M_phase,Bub1
G2M_phase,Psrc1
G2M_phase,Ube2c
G2M_phase,Aurka
G2M_phase,Cenpe
G2M_phase,Ccnb2
G2M_phase,Cdca3
G2M_phase,Ttk
G2M_phase,Rangap1
G2M_phase,Ndc80
G2M_phase,Cdc25c
G2M_phase,Kif11
G2M_phase,Gtse1
Quiescence,lgf2bp2
Quiescence,Ahnak
Quiescence,Mpo
Quiescence,Plac8
Quiescence,Fam101b
Quiescence,Ablim1
Quiescence,Milr1
Quiescence,Meg3
Quiescence,Ms4a6c
Quiescence,Cd53
Quiescence,Cd7
Quiescence,Hp
Quiescence,Tyrobp
Quiescence,Raph1
Quiescence,Depdc1a
Quiescence,Glcci1
Quiescence,F13a1
Quiescence,A930006K02Rik
Quiescence,A330023F24Rik
Quiescence,Sorl1
Quiescence,lrf8
Quiescence,Xdh
Quiescence,Anxa2
Quiescence,Ccr2
Quiescence,Card9
Quiescence,Flrt1
Quiescence,Hdc
Quiescence,Mmp9
Quiescence,Camp
Quiescence,Hbb-bt
Quiescence,Nucb2
Quiescence,Elane
Quiescence,Amica1
Quiescence,Kcnh7
Quiescence,lfitm6
Quiescence,Cfp
Quiescence,Hvcn1
Quiescence,Smarca5-ps
Quiescence,Ccl5
Quiescence,Cd52
Quiescence,Siglech
Quiescence,Lgals3
Quiescence,Rassf4
Quiescence,Ccr1
Quiescence,Ncf1
Quiescence,lgf1
Quiescence,Cd2
Quiescence,Lrp4
Quiescence,Dbf4
Quiescence,Klrd1
Quiescence,Lrrc18
Quiescence,Ap1s2
Quiescence,Fndc3b
Quiescence,Ppfia4
Quiescence,E2f2
Quiescence,Col1a1
Quiescence,Ctss
Quiescence,Add2
Quiescence,Tifab
Quiescence,Rnf39
Quiescence,Cd79a
Quiescence,Cybb
Quiescence,Mcemp1
Quiescence,Pld4
Quiescence,Sparc
Quiescence,Atp1b1
Quiescence,Wfdc17
Quiescence,Hba-a2
Quiescence,Vpreb3
Quiescence,Lonrf2
Quiescence,Pid1
Quiescence,Ms4a3
Quiescence,Hbb-bs
Quiescence,Lmna
Quiescence,Kcnd3
Quiescence,Cd209a
Quiescence,Yap1
Quiescence,Ccl6
Quiescence,Itga9
Quiescence,Csf2rb2
Quiescence,Fam196a
Quiescence,Lrrc23
Quiescence,Ect2
Quiescence,F630028O10Rik
Quiescence,Dse
Quiescence,Nova1
Quiescence,Pik3r6
Quiescence,B3galt2
Quiescence,Bmp8a
Quiescence,lrak2
Quiescence,Klhl35
Quiescence,Wfdc21
Quiescence,Sell
Quiescence,Tulp1
Quiescence,Klra13-ps
Quiescence,Camk2n1
Quiescence,Adam8
Quiescence,Fcrla
Quiescence,AI607873
Quiescence,Cebpe
Quiescence,Zfp82
Quiescence,Sema3e
Quiescence,Arc
Quiescence,Slc4a1
Quiescence,Ank1
Quiescence,Ctsg
Quiescence,Fabp4
Quiescence,Mb21d2
Quiescence,Upb1
Quiescence,BC035044
Quiescence,Sh2d2a
Quiescence,Evi2a
Quiescence,Plvap
Quiescence,Ms4a4b
Quiescence,Sfrp2
Quiescence,Atp8b4
LT_HSC,Apoe
LT_HSC,Rpl9-ps6
LT_HSC,Gm10036
LT_HSC,Pdzk1ip1
LT_HSC,Clec1a
LT_HSC,Bex4
LT_HSC,Sult1a1
LT_HSC,Aldh1a1
LT_HSC,Cavin2
LT_HSC,Mllt3
LT_HSC,Gm11808
LT_HSC,Rps21
LT_HSC,Tgm2
LT_HSC,Nupr1
LT_HSC,Rpl21
LT_HSC,Rps28
LT_HSC,Nt5c3
LT_HSC,Slamf1
LT_HSC,Selenom
LT_HSC,Slfn2
LT_HSC,Meg3
LT_HSC,Rpl38
LT_HSC,Cracr2b
LT_HSC,Uba7
LT_HSC,Rps12-ps3
LT_HSC,Trim47
LT_HSC,Mmrn1
LT_HSC,Cd9
LT_HSC,Gda
LT_HSC,Obscn
LT_HSC,Ryk
LT_HSC,Gm2000
LT_HSC,Rps27
LT_HSC,Kazald1
LT_HSC,Gng11
LT_HSC,Socs2
LT_HSC,Rpl7a-ps5
LT_HSC,Gm10073
LT_HSC,Bex1
LT_HSC,Hoxb2
LT_HSC,Cpne8
LT_HSC,Art4
LT_HSC,Gata2
LT_HSC,Ldha
LT_HSC,Cdkn1c
LT_HSC,Fam110c
LT_HSC,Pbx1
LT_HSC,Grb10
LT_HSC,Gm11361
LT_HSC,Rpl13a
LT_HSC,Nadk2
LT_HSC,lfitm7
LT_HSC,Trpc6
LT_HSC,Rpl10-ps3
LT_HSC,Nrgn
LT_HSC,Esam
LT_HSC,Serpinb6a
LT_HSC,Serpina3g
LT_HSC,Ndn
LT_HSC,Tcf15
LT_HSC,Gfi1b
LT_HSC,Eef2
LT_HSC,Rpl27-ps3
LT_HSC,lfitm3
LT_HSC,Plxnc1
LT_HSC,Rps27rt
LT_HSC,Slc18a2
LT_HSC,Ppic
LT_HSC,Rhof
LT_HSC,Cavin3
LT_HSC,Cenpt
LT_HSC,Tinagl1
LT_HSC,Csgalnact1
LT_HSC,Plxdc2
LT_HSC,Rftn1
LT_HSC,Clec2d
LT_HSC,Ccnd2
LT_HSC,Mycn
LT_HSC,Hacd4
LT_HSC,Txnip
LT_HSC,Tmem40
LT_HSC,Cited2
LT_HSC,I|11ra1
LT_HSC,Klf9
LT_HSC,Khk
LT_HSC,Ftl1-ps1
LT_HSC,Rpl13a-ps1
LT_HSC,Sord
LT_HSC,Tbxas1
LT_HSC,Rpl36a-ps1
LT_HSC,Ubl7
LT_HSC,Cd63
LT_HSC,Epb41I4b
LT_HSC,Pdlim1
LT_HSC,Nedd4
LT_HSC,Wdr89
LT_HSC,Sdsl
LT_HSC,Tmem258
LT_HSC,Cd81
LT_HSC,Adgrg1
LT_HSC,Tubb4b
LT_HSC,Hsd17b10
LT_HSC,Slc48a1
LT_HSC,Wfdc2
LT_HSC,lfitm1
LT_HSC,Bola2
LT_HSC,Ccnd3
LT_HSC,Tsc22d3
LT_HSC,Mecom
LT_HSC,Rbp1
LT_HSC,S100a6
LT_HSC,Hmgn3
LT_HSC,Fbxo9
LT_HSC,Aplp2
LT_HSC,Nfkbia
LT_HSC,Pnp
LT_HSC,Krt18
LT_HSC,Fut8
LT_HSC,Gm19590
LT_HSC,Iigp1
LT_HSC,Pik3r1
LT_HSC,Tuba1b
LT_HSC,AY036118
